row_index,recipe_id
0,R00001
1,R00002
2,R00003
3,R00004
4,R00005
5,R00006
6,R00007
7,R00008
8,R00009
9,R00010
10,R00011
11,R00012
12,R00013
13,R00014
14,R00015
15,R00016
16,R00017
17,R00018
18,R00019
19,R00020
20,R00021
21,R00022
22,R00023
23,R00024
24,R00026
25,R00027
26,R00029
27,R00031
28,R00032
29,R00033
30,R00034
31,R00035
32,R00036
33,R00037
34,R00038
35,R00040
36,R00041
37,R00042
38,R00043
39,R00044
40,R00045
41,R00046
42,R00047
43,R00048
44,R00049
45,R00050
46,R00051
47,R00052
48,R00053
49,R00054
50,R00055
51,R00056
52,R00058
53,R00059
54,R00060
55,R00061
56,R00064
57,R00065
58,R00066
59,R00067
60,R00068
61,R00069
62,R00070
63,R00071
64,R00072
65,R00074
66,R00075
67,R00076
68,R00077
69,R00078
70,R00080
71,R00081
72,R00082
73,R00083
74,R00084
75,R00085
76,R00086
77,R00087
78,R00088
79,R00089
80,R00090
81,R00091
82,R00092
83,R00093
84,R00094
85,R00095
86,R00096
87,R00097
88,R00098
89,R00099
90,R00100
91,R00101
92,R00102
93,R00103
94,R00104
95,R00105
96,R00106
97,R00107
98,R00108
99,R00109
100,R00110
101,R00111
102,R00112
103,R00113
104,R00114
105,R00115
106,R00116
107,R00117
108,R00118
109,R00119
110,R00120
111,R00121
112,R00122
113,R00123
114,R00124
115,R00125
116,R00126
117,R00127
118,R00128
119,R00129
120,R00130
121,R00131
122,R00133
123,R00134
124,R00135
125,R00136
126,R00137
127,R00138
128,R00139
129,R00140
130,R00141
131,R00142
132,R00143
133,R00144
134,R00145
135,R00146
136,R00147
137,R00148
138,R00149
139,R00150
140,R00151
141,R00152
142,R00153
143,R00154
144,R00155
145,R00156
146,R00157
147,R00159
148,R00160
149,R00161
150,R00162
151,R00163
152,R00164
153,R00166
154,R00167
155,R00168
156,R00169
157,R00170
158,R00171
159,R00172
160,R00173
161,R00174
162,R00175
163,R00176
164,R00177
165,R00178
166,R00179
167,R00180
168,R00181
169,R00182
170,R00183
171,R00184
172,R00185
173,R00186
174,R00187
175,R00188
176,R00189
177,R00190
178,R00191
179,R00192
180,R00193
181,R00194
182,R00196
183,R00197
184,R00198
185,R00199
186,R00200
187,R00201
188,R00202
189,R00203
190,R00204
191,R00205
192,R00206
193,R00207
194,R00208
195,R00209
196,R00210
197,R00211
198,R00212
199,R00213
200,R00214
201,R00215
202,R00216
203,R00218
204,R00219
205,R00220
206,R00221
207,R00222
208,R00223
209,R00225
210,R00226
211,R00227
212,R00228
213,R00229
214,R00230
215,R00231
216,R00232
217,R00233
218,R00234
219,R00235
220,R00236
221,R00237
222,R00238
223,R00239
224,R00240
225,R00241
226,R00242
227,R00243
228,R00244
229,R00245
230,R00246
231,R00247
232,R00248
233,R00249
234,R00250
235,R00251
236,R00252
237,R00253
238,R00255
239,R00256
240,R00257
241,R00258
242,R00259
243,R00260
244,R00261
245,R00262
246,R00263
247,R00265
248,R00266
249,R00267
250,R00268
251,R00269
252,R00271
253,R00272
254,R00273
255,R00274
256,R00275
257,R00276
258,R00277
259,R00278
260,R00279
261,R00280
262,R00281
263,R00282
264,R00283
265,R00284
266,R00285
267,R00286
268,R00287
269,R00288
270,R00289
271,R00290
272,R00291
273,R00292
274,R00293
275,R00294
276,R00295
277,R00296
278,R00297
279,R00298
280,R00299
281,R00300
282,R00301
283,R00302
284,R00303
285,R00304
286,R00305
287,R00306
288,R00307
289,R00308
290,R00309
291,R00310
292,R00311
293,R00312
294,R00313
295,R00314
296,R00315
297,R00316
298,R00317
299,R00318
300,R00319
301,R00320
302,R00321
303,R00322
304,R00323
305,R00324
306,R00325
307,R00326
308,R00327
309,R00328
310,R00329
311,R00330
312,R00332
313,R00334
314,R00335
315,R00336
316,R00337
317,R00338
318,R00339
319,R00341
320,R00342
321,R00343
322,R00344
323,R00345
324,R00346
325,R00347
326,R00348
327,R00349
328,R00350
329,R00351
330,R00352
331,R00353
332,R00354
333,R00356
334,R00357
335,R00358
336,R00359
337,R00360
338,R00361
339,R00362
340,R00364
341,R00365
342,R00366
343,R00367
344,R00368
345,R00370
346,R00372
347,R00373
348,R00374
349,R00375
350,R00376
351,R00377
352,R00378
353,R00379
354,R00380
355,R00381
356,R00382
357,R00383
358,R00384
359,R00385
360,R00386
361,R00387
362,R00388
363,R00389
364,R00390
365,R00391
366,R00392
367,R00393
368,R00394
369,R00395
370,R00396
371,R00397
372,R00398
373,R00399
374,R00400
375,R00401
376,R00402
377,R00403
378,R00404
379,R00405
380,R00406
381,R00407
382,R00408
383,R00409
384,R00410
385,R00411
386,R00412
387,R00413
388,R00414
389,R00415
390,R00416
391,R00418
392,R00419
393,R00420
394,R00421
395,R00422
396,R00424
397,R00425
398,R00426
399,R00427
400,R00429
401,R00430
402,R00431
403,R00432
404,R00434
405,R00435
406,R00436
407,R00437
408,R00438
409,R00439
410,R00440
411,R00441
412,R00442
413,R00443
414,R00444
415,R00445
416,R00446
417,R00447
418,R00448
419,R00450
420,R00451
421,R00452
422,R00453
423,R00454
424,R00455
425,R00456
426,R00457
427,R00458
428,R00459
429,R00460
430,R00461
431,R00462
432,R00463
433,R00464
434,R00465
435,R00467
436,R00468
437,R00469
438,R00470
439,R00471
440,R00472
441,R00473
442,R00474
443,R00475
444,R00476
445,R00477
446,R00478
447,R00479
448,R00480
449,R00481
450,R00482
451,R00483
452,R00484
453,R00485
454,R00487
455,R00488
456,R00490
457,R00491
458,R00492
459,R00493
460,R00494
461,R00495
462,R00496
463,R00497
464,R00499
465,R00500
466,R00502
467,R00503
468,R00504
469,R00506
470,R00508
471,R00509
472,R00510
473,R00511
474,R00512
475,R00513
476,R00515
477,R00516
478,R00517
479,R00518
480,R00519
481,R00520
482,R00521
483,R00522
484,R00523
485,R00524
486,R00525
487,R00526
488,R00527
489,R00528
490,R00529
491,R00531
492,R00532
493,R00533
494,R00535
495,R00537
496,R00538
497,R00539
498,R00540
499,R00541
500,R00542
501,R00543
502,R00544
503,R00545
504,R00546
505,R00547
506,R00548
507,R00549
508,R00550
509,R00551
510,R00552
511,R00553
512,R00554
513,R00555
514,R00556
515,R00557
516,R00558
517,R00559
518,R00560
519,R00562
520,R00563
521,R00564
522,R00565
523,R00566
524,R00567
525,R00568
526,R00569
527,R00570
528,R00571
529,R00572
530,R00573
531,R00574
532,R00575
533,R00576
534,R00577
535,R00578
536,R00580
537,R00581
538,R00582
539,R00583
540,R00585
541,R00587
542,R00588
543,R00589
544,R00590
545,R00591
546,R00592
547,R00593
548,R00594
549,R00595
550,R00596
551,R00597
552,R00598
553,R00599
554,R00600
555,R00602
556,R00603
557,R00604
558,R00605
559,R00606
560,R00607
561,R00608
562,R00609
563,R00610
564,R00611
565,R00612
566,R00613
567,R00614
568,R00615
569,R00616
570,R00618
571,R00619
572,R00620
573,R00621
574,R00622
575,R00623
576,R00624
577,R00625
578,R00626
579,R00627
580,R00628
581,R00629
582,R00630
583,R00631
584,R00632
585,R00633
586,R00634
587,R00636
588,R00637
589,R00638
590,R00639
591,R00640
592,R00641
593,R00642
594,R00643
595,R00644
596,R00645
597,R00646
598,R00647
599,R00648
600,R00651
601,R00652
602,R00653
603,R00654
604,R00655
605,R00656
606,R00657
607,R00658
608,R00659
609,R00660
610,R00661
611,R00662
612,R00663
613,R00664
614,R00665
615,R00666
616,R00667
617,R00668
618,R00669
619,R00670
620,R00671
621,R00672
622,R00673
623,R00674
624,R00675
625,R00676
626,R00677
627,R00678
628,R00680
629,R00681
630,R00683
631,R00684
632,R00685
633,R00686
634,R00687
635,R00688
636,R00689
637,R00690
638,R00691
639,R00692
640,R00693
641,R00694
642,R00695
643,R00696
644,R00697
645,R00698
646,R00699
647,R00700
648,R00702
649,R00703
650,R00704
651,R00705
652,R00706
653,R00707
654,R00708
655,R00709
656,R00710
657,R00712
658,R00713
659,R00714
660,R00715
661,R00716
662,R00717
663,R00718
664,R00719
665,R00720
666,R00721
667,R00722
668,R00723
669,R00724
670,R00725
671,R00726
672,R00727
673,R00728
674,R00730
675,R00731
676,R00733
677,R00734
678,R00735
679,R00736
680,R00737
681,R00738
682,R00739
683,R00740
684,R00741
685,R00743
686,R00744
687,R00745
688,R00746
689,R00747
690,R00748
691,R00749
692,R00750
693,R00751
694,R00752
695,R00753
696,R00754
697,R00755
698,R00756
699,R00757
700,R00758
701,R00759
702,R00760
703,R00761
704,R00763
705,R00764
706,R00765
707,R00766
708,R00767
709,R00771
710,R00772
711,R00774
712,R00775
713,R00776
714,R00777
715,R00779
716,R00780
717,R00782
718,R00783
719,R00784
720,R00785
721,R00786
722,R00787
723,R00788
724,R00789
725,R00791
726,R00792
727,R00793
728,R00795
729,R00796
730,R00797
731,R00798
732,R00799
733,R00800
734,R00801
735,R00802
736,R00803
737,R00804
738,R00805
739,R00806
740,R00807
741,R00809
742,R00810
743,R00811
744,R00812
745,R00813
746,R00814
747,R00815
748,R00816
749,R00817
750,R00818
751,R00819
752,R00821
753,R00822
754,R00823
755,R00824
756,R00825
757,R00826
758,R00827
759,R00828
760,R00829
761,R00830
762,R00831
763,R00832
764,R00833
765,R00835
766,R00836
767,R00837
768,R00838
769,R00840
770,R00842
771,R00843
772,R00844
773,R00845
774,R00846
775,R00847
776,R00848
777,R00851
778,R00852
779,R00853
780,R00854
781,R00856
782,R00857
783,R00858
784,R00859
785,R00860
786,R00861
787,R00862
788,R00863
789,R00864
790,R00865
791,R00866
792,R00867
793,R00868
794,R00869
795,R00870
796,R00871
797,R00872
798,R00873
799,R00874
800,R00875
801,R00877
802,R00878
803,R00880
804,R00881
805,R00882
806,R00883
807,R00884
808,R00886
809,R00887
810,R00888
811,R00889
812,R00890
813,R00891
814,R00892
815,R00893
816,R00894
817,R00895
818,R00896
819,R00897
820,R00898
821,R00899
822,R00902
823,R00903
824,R00904
825,R00905
826,R00906
827,R00907
828,R00908
829,R00909
830,R00910
831,R00911
832,R00912
833,R00913
834,R00914
835,R00915
836,R00916
837,R00917
838,R00918
839,R00919
840,R00920
841,R00921
842,R00922
843,R00923
844,R00924
845,R00925
846,R00926
847,R00927
848,R00928
849,R00929
850,R00931
851,R00932
852,R00933
853,R00934
854,R00935
855,R00938
856,R00939
857,R00941
858,R00942
859,R00944
860,R00945
861,R00946
862,R00948
863,R00949
864,R00950
865,R00951
866,R00952
867,R00953
868,R00954
869,R00955
870,R00956
871,R00957
872,R00958
873,R00959
874,R00960
875,R00961
876,R00962
877,R00963
878,R00964
879,R00965
880,R00966
881,R00967
882,R00968
883,R00971
884,R00972
885,R00973
886,R00974
887,R00975
888,R00976
889,R00977
890,R00978
891,R00980
892,R00981
893,R00982
894,R00983
895,R00984
896,R00985
897,R00987
898,R00989
899,R00990
900,R00991
901,R00992
902,R00993
903,R00994
904,R00995
905,R00996
906,R00997
907,R00999
908,R01001
909,R01003
910,R01004
911,R01005
912,R01006
913,R01007
914,R01008
915,R01009
916,R01010
917,R01011
918,R01012
919,R01013
920,R01014
921,R01015
922,R01017
923,R01018
924,R01019
925,R01021
926,R01022
927,R01023
928,R01024
929,R01025
930,R01026
931,R01027
932,R01028
933,R01029
934,R01030
935,R01031
936,R01032
937,R01033
938,R01035
939,R01037
940,R01038
941,R01039
942,R01040
943,R01041
944,R01042
945,R01043
946,R01046
947,R01047
948,R01048
949,R01049
950,R01050
951,R01051
952,R01052
953,R01054
954,R01055
955,R01056
956,R01057
957,R01059
958,R01060
959,R01061
960,R01063
961,R01065
962,R01067
963,R01068
964,R01069
965,R01070
966,R01071
967,R01072
968,R01073
969,R01074
970,R01075
971,R01076
972,R01077
973,R01078
974,R01079
975,R01080
976,R01081
977,R01083
978,R01084
979,R01085
980,R01086
981,R01087
982,R01088
983,R01089
984,R01090
985,R01092
986,R01093
987,R01094
988,R01095
989,R01096
990,R01097
991,R01098
992,R01099
993,R01101
994,R01102
995,R01103
996,R01104
997,R01105
998,R01106
999,R01107
1000,R01108
1001,R01109
1002,R01110
1003,R01111
1004,R01112
1005,R01113
1006,R01114
1007,R01115
1008,R01116
1009,R01117
1010,R01118
1011,R01119
1012,R01120
1013,R01121
1014,R01122
1015,R01123
1016,R01125
1017,R01126
1018,R01127
1019,R01128
1020,R01129
1021,R01130
1022,R01132
1023,R01133
1024,R01134
1025,R01135
1026,R01137
1027,R01139
1028,R01140
1029,R01142
1030,R01143
1031,R01144
1032,R01145
1033,R01146
1034,R01147
1035,R01148
1036,R01149
1037,R01150
1038,R01151
1039,R01152
1040,R01153
1041,R01154
1042,R01155
1043,R01156
1044,R01157
1045,R01158
1046,R01159
1047,R01160
1048,R01162
1049,R01163
1050,R01165
1051,R01167
1052,R01168
1053,R01169
1054,R01170
1055,R01171
1056,R01173
1057,R01174
1058,R01175
1059,R01176
1060,R01177
1061,R01178
1062,R01180
1063,R01181
1064,R01182
1065,R01183
1066,R01184
1067,R01185
1068,R01186
1069,R01187
1070,R01188
1071,R01189
1072,R01190
1073,R01191
1074,R01192
1075,R01194
1076,R01195
1077,R01196
1078,R01197
1079,R01198
1080,R01199
1081,R01200
1082,R01201
1083,R01202
1084,R01203
1085,R01204
1086,R01205
1087,R01206
1088,R01207
1089,R01208
1090,R01209
1091,R01210
1092,R01211
1093,R01212
1094,R01213
1095,R01214
1096,R01216
1097,R01217
1098,R01218
1099,R01219
1100,R01220
1101,R01221
1102,R01222
1103,R01224
1104,R01225
1105,R01226
1106,R01227
1107,R01229
1108,R01230
1109,R01231
1110,R01233
1111,R01234
1112,R01235
1113,R01237
1114,R01238
1115,R01239
1116,R01240
1117,R01241
1118,R01242
1119,R01243
1120,R01245
1121,R01246
1122,R01247
1123,R01248
1124,R01249
1125,R01250
1126,R01251
1127,R01252
1128,R01253
1129,R01254
1130,R01256
1131,R01257
1132,R01258
1133,R01259
1134,R01260
1135,R01261
1136,R01262
1137,R01263
1138,R01264
1139,R01265
1140,R01267
1141,R01268
1142,R01269
1143,R01270
1144,R01271
1145,R01272
1146,R01274
1147,R01275
1148,R01276
1149,R01277
1150,R01278
1151,R01279
1152,R01280
1153,R01281
1154,R01282
1155,R01283
1156,R01284
1157,R01285
1158,R01286
1159,R01287
1160,R01288
1161,R01289
1162,R01292
1163,R01295
1164,R01298
1165,R01299
1166,R01300
1167,R01301
1168,R01302
1169,R01304
1170,R01305
1171,R01306
1172,R01307
1173,R01308
1174,R01310
1175,R01311
1176,R01312
1177,R01313
1178,R01314
1179,R01315
1180,R01316
1181,R01317
1182,R01318
1183,R01319
1184,R01320
1185,R01321
1186,R01322
1187,R01323
1188,R01324
1189,R01325
1190,R01326
1191,R01327
1192,R01329
1193,R01330
1194,R01331
1195,R01333
1196,R01334
1197,R01335
1198,R01336
1199,R01338
1200,R01339
1201,R01340
1202,R01342
1203,R01343
1204,R01344
1205,R01345
1206,R01346
1207,R01347
1208,R01348
1209,R01349
1210,R01350
1211,R01351
1212,R01352
1213,R01353
1214,R01354
1215,R01356
1216,R01358
1217,R01359
1218,R01360
1219,R01361
1220,R01362
1221,R01363
1222,R01364
1223,R01366
1224,R01367
1225,R01368
1226,R01369
1227,R01370
1228,R01371
1229,R01372
1230,R01373
1231,R01374
1232,R01375
1233,R01376
1234,R01377
1235,R01378
1236,R01379
1237,R01380
1238,R01381
1239,R01384
1240,R01385
1241,R01388
1242,R01389
1243,R01390
1244,R01392
1245,R01394
1246,R01395
1247,R01396
1248,R01397
1249,R01398
1250,R01399
1251,R01401
1252,R01402
1253,R01404
1254,R01405
1255,R01406
1256,R01407
1257,R01408
1258,R01409
1259,R01410
1260,R01411
1261,R01412
1262,R01413
1263,R01414
1264,R01415
1265,R01416
1266,R01417
1267,R01418
1268,R01419
1269,R01421
1270,R01422
1271,R01423
1272,R01425
1273,R01426
1274,R01427
1275,R01428
1276,R01429
1277,R01430
1278,R01431
1279,R01432
1280,R01433
1281,R01434
1282,R01435
1283,R01436
1284,R01437
1285,R01439
1286,R01440
1287,R01443
1288,R01444
1289,R01445
1290,R01446
1291,R01447
1292,R01448
1293,R01449
1294,R01450
1295,R01452
1296,R01453
1297,R01454
1298,R01455
1299,R01456
1300,R01457
1301,R01458
1302,R01459
1303,R01460
1304,R01462
1305,R01463
1306,R01464
1307,R01465
1308,R01466
1309,R01467
1310,R01468
1311,R01469
1312,R01470
1313,R01472
1314,R01473
1315,R01474
1316,R01475
1317,R01476
1318,R01479
1319,R01481
1320,R01482
1321,R01483
1322,R01484
1323,R01485
1324,R01486
1325,R01487
1326,R01489
1327,R01490
1328,R01491
1329,R01492
1330,R01493
1331,R01495
1332,R01496
1333,R01497
1334,R01500
1335,R01501
1336,R01502
1337,R01503
1338,R01504
1339,R01505
1340,R01506
1341,R01507
1342,R01508
1343,R01509
1344,R01510
1345,R01511
1346,R01512
1347,R01513
1348,R01515
1349,R01516
1350,R01517
1351,R01518
1352,R01519
1353,R01520
1354,R01521
1355,R01522
1356,R01523
1357,R01525
1358,R01526
1359,R01527
1360,R01528
1361,R01529
1362,R01530
1363,R01531
1364,R01532
1365,R01533
1366,R01534
1367,R01535
1368,R01536
1369,R01537
1370,R01538
1371,R01539
1372,R01540
1373,R01541
1374,R01542
1375,R01543
1376,R01544
1377,R01545
1378,R01546
1379,R01548
1380,R01549
1381,R01550
1382,R01551
1383,R01552
1384,R01553
1385,R01554
1386,R01555
1387,R01556
1388,R01557
1389,R01558
1390,R01559
1391,R01560
1392,R01561
1393,R01563
1394,R01564
1395,R01565
1396,R01566
1397,R01567
1398,R01568
1399,R01569
1400,R01570
1401,R01571
1402,R01572
1403,R01573
1404,R01574
1405,R01575
1406,R01576
1407,R01577
1408,R01578
1409,R01579
1410,R01580
1411,R01581
1412,R01582
1413,R01583
1414,R01584
1415,R01585
1416,R01586
1417,R01588
1418,R01589
1419,R01590
1420,R01591
1421,R01592
1422,R01593
1423,R01594
1424,R01595
1425,R01596
1426,R01597
1427,R01598
1428,R01599
1429,R01600
1430,R01601
1431,R01602
1432,R01603
1433,R01604
1434,R01605
1435,R01606
1436,R01608
1437,R01609
1438,R01610
1439,R01611
1440,R01612
1441,R01613
1442,R01614
1443,R01615
1444,R01617
1445,R01619
1446,R01620
1447,R01621
1448,R01622
1449,R01624
1450,R01625
1451,R01626
1452,R01627
1453,R01629
1454,R01630
1455,R01631
1456,R01633
1457,R01635
1458,R01636
1459,R01637
1460,R01638
1461,R01639
1462,R01642
1463,R01643
1464,R01644
1465,R01645
1466,R01646
1467,R01647
1468,R01648
1469,R01650
1470,R01651
1471,R01653
1472,R01654
1473,R01655
1474,R01656
1475,R01657
1476,R01658
1477,R01659
1478,R01660
1479,R01662
1480,R01663
1481,R01664
1482,R01666
1483,R01667
1484,R01669
1485,R01670
1486,R01672
1487,R01673
1488,R01675
1489,R01676
1490,R01678
1491,R01679
1492,R01680
1493,R01681
1494,R01683
1495,R01684
1496,R01685
1497,R01686
1498,R01687
1499,R01688
1500,R01689
1501,R01690
1502,R01692
1503,R01693
1504,R01696
1505,R01697
1506,R01698
1507,R01699
1508,R01700
1509,R01701
1510,R01702
1511,R01703
1512,R01704
1513,R01705
1514,R01706
1515,R01707
1516,R01708
1517,R01709
1518,R01710
1519,R01711
1520,R01712
1521,R01713
1522,R01714
1523,R01715
1524,R01716
1525,R01717
1526,R01719
1527,R01720
1528,R01721
1529,R01722
1530,R01724
1531,R01725
1532,R01726
1533,R01728
1534,R01729
1535,R01730
1536,R01732
1537,R01733
1538,R01734
1539,R01736
1540,R01737
1541,R01738
1542,R01739
1543,R01740
1544,R01741
1545,R01742
1546,R01743
1547,R01744
1548,R01745
1549,R01746
1550,R01747
1551,R01749
1552,R01751
1553,R01752
1554,R01753
1555,R01754
1556,R01756
1557,R01757
1558,R01758
1559,R01760
1560,R01761
1561,R01762
1562,R01763
1563,R01764
1564,R01765
1565,R01766
1566,R01767
1567,R01768
1568,R01769
1569,R01770
1570,R01771
1571,R01772
1572,R01773
1573,R01774
1574,R01775
1575,R01776
1576,R01777
1577,R01779
1578,R01780
1579,R01781
1580,R01783
1581,R01784
1582,R01785
1583,R01786
1584,R01788
1585,R01789
1586,R01790
1587,R01791
1588,R01793
1589,R01794
1590,R01795
1591,R01796
1592,R01799
1593,R01801
1594,R01803
1595,R01804
1596,R01805
1597,R01806
1598,R01807
1599,R01808
1600,R01809
1601,R01810
1602,R01811
1603,R01812
1604,R01813
1605,R01815
1606,R01816
1607,R01819
1608,R01820
1609,R01821
1610,R01823
1611,R01824
1612,R01825
1613,R01826
1614,R01827
1615,R01828
1616,R01829
1617,R01831
1618,R01832
1619,R01834
1620,R01835
1621,R01836
1622,R01837
1623,R01838
1624,R01839
1625,R01841
1626,R01842
1627,R01843
1628,R01846
1629,R01847
1630,R01848
1631,R01849
1632,R01850
1633,R01852
1634,R01853
1635,R01854
1636,R01856
1637,R01857
1638,R01859
1639,R01860
1640,R01861
1641,R01862
1642,R01863
1643,R01864
1644,R01865
1645,R01868
1646,R01869
1647,R01870
1648,R01871
1649,R01872
1650,R01873
1651,R01874
1652,R01875
1653,R01877
1654,R01878
1655,R01879
1656,R01881
1657,R01882
1658,R01883
1659,R01885
1660,R01886
1661,R01887
1662,R01888
1663,R01890
1664,R01891
1665,R01892
1666,R01893
1667,R01895
1668,R01897
1669,R01898
1670,R01899
1671,R01900
1672,R01901
1673,R01903
1674,R01904
1675,R01905
1676,R01906
1677,R01907
1678,R01908
1679,R01909
1680,R01910
1681,R01912
1682,R01913
1683,R01914
1684,R01915
1685,R01916
1686,R01918
1687,R01919
1688,R01920
1689,R01921
1690,R01922
1691,R01923
1692,R01924
1693,R01925
1694,R01926
1695,R01928
1696,R01929
1697,R01930
1698,R01931
1699,R01933
1700,R01934
1701,R01937
1702,R01938
1703,R01939
1704,R01940
1705,R01941
1706,R01942
1707,R01943
1708,R01944
1709,R01945
1710,R01946
1711,R01947
1712,R01949
1713,R01950
1714,R01952
1715,R01953
1716,R01954
1717,R01955
1718,R01956
1719,R01958
1720,R01960
1721,R01961
1722,R01963
1723,R01964
1724,R01966
1725,R01967
1726,R01968
1727,R01969
1728,R01971
1729,R01972
1730,R01974
1731,R01975
1732,R01979
1733,R01980
1734,R01981
1735,R01982
1736,R01983
1737,R01984
1738,R01985
1739,R01986
1740,R01987
1741,R01988
1742,R01989
1743,R01990
1744,R01991
1745,R01992
1746,R01993
1747,R01994
1748,R01997
1749,R01998
1750,R01999
1751,R02000
1752,R02002
1753,R02003
1754,R02004
1755,R02005
1756,R02006
1757,R02008
1758,R02009
1759,R02010
1760,R02011
1761,R02012
1762,R02013
1763,R02014
1764,R02015
1765,R02016
1766,R02017
1767,R02018
1768,R02019
1769,R02020
1770,R02021
1771,R02023
1772,R02024
1773,R02025
1774,R02026
1775,R02027
1776,R02028
1777,R02029
1778,R02030
1779,R02032
1780,R02035
1781,R02036
1782,R02037
1783,R02038
1784,R02039
1785,R02040
1786,R02041
1787,R02043
1788,R02045
1789,R02046
1790,R02047
1791,R02049
1792,R02050
1793,R02051
1794,R02052
1795,R02053
1796,R02054
1797,R02055
1798,R02056
1799,R02058
1800,R02059
1801,R02060
1802,R02061
1803,R02062
1804,R02063
1805,R02064
1806,R02065
1807,R02070
1808,R02071
1809,R02072
1810,R02073
1811,R02077
1812,R02078
1813,R02079
1814,R02080
1815,R02081
1816,R02082
1817,R02083
1818,R02085
1819,R02088
1820,R02090
1821,R02091
1822,R02092
1823,R02093
1824,R02094
1825,R02096
1826,R02097
1827,R02098
1828,R02099
1829,R02100
1830,R02101
1831,R02102
1832,R02103
1833,R02104
1834,R02105
1835,R02106
1836,R02107
1837,R02108
1838,R02109
1839,R02110
1840,R02111
1841,R02112
1842,R02113
1843,R02115
1844,R02116
1845,R02117
1846,R02118
1847,R02119
1848,R02120
1849,R02121
1850,R02122
1851,R02123
1852,R02125
1853,R02127
1854,R02128
1855,R02130
1856,R02132
1857,R02133
1858,R02135
1859,R02136
1860,R02137
1861,R02138
1862,R02139
1863,R02140
1864,R02141
1865,R02142
1866,R02143
1867,R02144
1868,R02145
1869,R02146
1870,R02147
1871,R02149
1872,R02150
1873,R02151
1874,R02152
1875,R02153
1876,R02154
1877,R02155
1878,R02156
1879,R02157
1880,R02159
1881,R02160
1882,R02162
1883,R02163
1884,R02164
1885,R02165
1886,R02167
1887,R02168
1888,R02169
1889,R02170
1890,R02171
1891,R02172
1892,R02173
1893,R02174
1894,R02175
1895,R02176
1896,R02177
1897,R02178
1898,R02179
1899,R02182
1900,R02183
1901,R02184
1902,R02186
1903,R02187
1904,R02188
1905,R02189
1906,R02190
1907,R02191
1908,R02192
1909,R02193
1910,R02195
1911,R02196
1912,R02197
1913,R02198
1914,R02199
1915,R02200
1916,R02201
1917,R02202
1918,R02203
1919,R02204
1920,R02205
1921,R02206
1922,R02207
1923,R02208
1924,R02209
1925,R02210
1926,R02212
1927,R02213
1928,R02214
1929,R02216
1930,R02218
1931,R02219
1932,R02220
1933,R02221
1934,R02222
1935,R02223
1936,R02224
1937,R02225
1938,R02226
1939,R02228
1940,R02229
1941,R02230
1942,R02231
1943,R02233
1944,R02234
1945,R02235
1946,R02236
1947,R02238
1948,R02240
1949,R02241
1950,R02242
1951,R02243
1952,R02244
1953,R02245
1954,R02247
1955,R02248
1956,R02249
1957,R02250
1958,R02251
1959,R02252
1960,R02253
1961,R02254
1962,R02255
1963,R02256
1964,R02257
1965,R02258
1966,R02259
1967,R02260
1968,R02261
1969,R02262
1970,R02263
1971,R02264
1972,R02266
1973,R02267
1974,R02268
1975,R02269
1976,R02270
1977,R02271
1978,R02272
1979,R02274
1980,R02275
1981,R02277
1982,R02278
1983,R02279
1984,R02280
1985,R02281
1986,R02282
1987,R02284
1988,R02285
1989,R02286
1990,R02287
1991,R02288
1992,R02289
1993,R02290
1994,R02291
1995,R02292
1996,R02293
1997,R02294
1998,R02295
1999,R02297
2000,R02298
2001,R02299
2002,R02300
2003,R02301
2004,R02302
2005,R02303
2006,R02304
2007,R02305
2008,R02306
2009,R02307
2010,R02308
2011,R02309
2012,R02310
2013,R02311
2014,R02312
2015,R02313
2016,R02314
2017,R02315
2018,R02317
2019,R02321
2020,R02322
2021,R02323
2022,R02324
2023,R02325
2024,R02326
2025,R02327
2026,R02328
2027,R02329
2028,R02330
2029,R02331
2030,R02332
2031,R02333
2032,R02334
2033,R02335
2034,R02336
2035,R02337
2036,R02338
2037,R02340
2038,R02341
2039,R02342
2040,R02343
2041,R02344
2042,R02345
2043,R02347
2044,R02348
2045,R02350
2046,R02351
2047,R02352
2048,R02353
2049,R02355
2050,R02356
2051,R02357
2052,R02358
2053,R02360
2054,R02361
2055,R02362
2056,R02363
2057,R02365
2058,R02367
2059,R02368
2060,R02369
2061,R02370
2062,R02371
2063,R02372
2064,R02373
2065,R02374
2066,R02378
2067,R02379
2068,R02381
2069,R02382
2070,R02384
2071,R02385
2072,R02388
2073,R02389
2074,R02390
2075,R02392
2076,R02393
2077,R02394
2078,R02395
2079,R02397
2080,R02399
2081,R02400
2082,R02401
2083,R02402
2084,R02403
2085,R02404
2086,R02406
2087,R02407
2088,R02408
2089,R02410
2090,R02411
2091,R02413
2092,R02414
2093,R02415
2094,R02416
2095,R02417
2096,R02418
2097,R02419
2098,R02420
2099,R02421
2100,R02422
2101,R02423
2102,R02424
2103,R02425
2104,R02427
2105,R02428
2106,R02430
2107,R02431
2108,R02432
2109,R02433
2110,R02435
2111,R02437
2112,R02438
2113,R02439
2114,R02440
2115,R02442
2116,R02443
2117,R02444
2118,R02445
2119,R02447
2120,R02448
2121,R02449
2122,R02450
2123,R02451
2124,R02452
2125,R02453
2126,R02455
2127,R02456
2128,R02457
2129,R02459
2130,R02460
2131,R02461
2132,R02462
2133,R02464
2134,R02466
2135,R02467
2136,R02468
2137,R02469
2138,R02470
2139,R02471
2140,R02473
2141,R02475
2142,R02477
2143,R02478
2144,R02479
2145,R02480
2146,R02481
2147,R02482
2148,R02483
2149,R02486
2150,R02487
2151,R02488
2152,R02489
2153,R02490
2154,R02491
2155,R02492
2156,R02493
2157,R02494
2158,R02495
2159,R02497
2160,R02498
2161,R02499
2162,R02500
2163,R02501
2164,R02502
2165,R02503
2166,R02504
2167,R02505
2168,R02506
2169,R02507
2170,R02508
2171,R02509
2172,R02510
2173,R02511
2174,R02512
2175,R02514
2176,R02515
2177,R02516
2178,R02517
2179,R02518
2180,R02519
2181,R02521
2182,R02522
2183,R02523
2184,R02524
2185,R02526
2186,R02528
2187,R02529
2188,R02530
2189,R02531
2190,R02532
2191,R02533
2192,R02534
2193,R02535
2194,R02536
2195,R02537
2196,R02538
2197,R02539
2198,R02540
2199,R02541
2200,R02542
2201,R02543
2202,R02544
2203,R02547
2204,R02548
2205,R02551
2206,R02552
2207,R02554
2208,R02556
2209,R02557
2210,R02558
2211,R02560
2212,R02561
2213,R02563
2214,R02565
2215,R02566
2216,R02567
2217,R02568
2218,R02569
2219,R02570
2220,R02571
2221,R02572
2222,R02573
2223,R02574
2224,R02576
2225,R02577
2226,R02579
2227,R02580
2228,R02581
2229,R02582
2230,R02583
2231,R02584
2232,R02585
2233,R02586
2234,R02587
2235,R02589
2236,R02590
2237,R02591
2238,R02592
2239,R02594
2240,R02595
2241,R02596
2242,R02597
2243,R02598
2244,R02599
2245,R02600
2246,R02602
2247,R02603
2248,R02604
2249,R02605
2250,R02606
2251,R02608
2252,R02609
2253,R02610
2254,R02611
2255,R02612
2256,R02613
2257,R02614
2258,R02615
2259,R02616
2260,R02617
2261,R02618
2262,R02619
2263,R02620
2264,R02622
2265,R02623
2266,R02624
2267,R02625
2268,R02627
2269,R02628
2270,R02629
2271,R02630
2272,R02631
2273,R02632
2274,R02633
2275,R02634
2276,R02635
2277,R02636
2278,R02637
2279,R02638
2280,R02640
2281,R02641
2282,R02642
2283,R02643
2284,R02644
2285,R02646
2286,R02649
2287,R02650
2288,R02651
2289,R02652
2290,R02653
2291,R02654
2292,R02655
2293,R02657
2294,R02659
2295,R02660
2296,R02661
2297,R02662
2298,R02663
2299,R02664
2300,R02667
2301,R02669
2302,R02670
2303,R02671
2304,R02672
2305,R02673
2306,R02674
2307,R02676
2308,R02678
2309,R02680
2310,R02681
2311,R02683
2312,R02684
2313,R02685
2314,R02686
2315,R02687
2316,R02688
2317,R02689
2318,R02691
2319,R02693
2320,R02694
2321,R02696
2322,R02700
2323,R02701
2324,R02704
2325,R02706
2326,R02708
2327,R02709
2328,R02710
2329,R02711
2330,R02713
2331,R02715
2332,R02716
2333,R02717
2334,R02719
2335,R02720
2336,R02722
2337,R02724
2338,R02725
2339,R02726
2340,R02727
2341,R02728
2342,R02729
2343,R02730
2344,R02731
2345,R02732
2346,R02733
2347,R02734
2348,R02736
2349,R02737
2350,R02739
2351,R02740
2352,R02741
2353,R02742
2354,R02745
2355,R02747
2356,R02748
2357,R02749
2358,R02750
2359,R02752
2360,R02753
2361,R02754
2362,R02755
2363,R02757
2364,R02759
2365,R02760
2366,R02761
2367,R02763
2368,R02764
2369,R02765
2370,R02767
2371,R02768
2372,R02772
2373,R02774
2374,R02775
2375,R02776
2376,R02777
2377,R02778
2378,R02779
2379,R02780
2380,R02781
2381,R02783
2382,R02784
2383,R02786
2384,R02787
2385,R02788
2386,R02789
2387,R02791
2388,R02792
2389,R02793
2390,R02795
2391,R02796
2392,R02797
2393,R02798
2394,R02799
2395,R02800
2396,R02801
2397,R02803
2398,R02806
2399,R02807
2400,R02809
2401,R02810
2402,R02811
2403,R02812
2404,R02813
2405,R02814
2406,R02816
2407,R02817
2408,R02818
2409,R02819
2410,R02821
2411,R02822
2412,R02824
2413,R02825
2414,R02826
2415,R02827
2416,R02828
2417,R02829
2418,R02830
2419,R02831
2420,R02834
2421,R02835
2422,R02837
2423,R02838
2424,R02839
2425,R02841
2426,R02843
2427,R02844
2428,R02845
2429,R02846
2430,R02847
2431,R02848
2432,R02849
2433,R02850
2434,R02852
2435,R02853
2436,R02854
2437,R02855
2438,R02856
2439,R02858
2440,R02861
2441,R02862
2442,R02863
2443,R02864
2444,R02866
2445,R02867
2446,R02868
2447,R02869
2448,R02871
2449,R02872
2450,R02873
2451,R02874
2452,R02875
2453,R02877
2454,R02879
2455,R02880
2456,R02881
2457,R02882
2458,R02883
2459,R02884
2460,R02885
2461,R02886
2462,R02887
2463,R02888
2464,R02889
2465,R02890
2466,R02892
2467,R02893
2468,R02895
2469,R02896
2470,R02897
2471,R02899
2472,R02900
2473,R02901
2474,R02902
2475,R02904
2476,R02905
2477,R02906
2478,R02907
2479,R02909
2480,R02912
2481,R02915
2482,R02916
2483,R02917
2484,R02919
2485,R02920
2486,R02922
2487,R02923
2488,R02924
2489,R02926
2490,R02927
2491,R02928
2492,R02929
2493,R02930
2494,R02931
2495,R02934
2496,R02935
2497,R02938
2498,R02939
2499,R02940
2500,R02941
2501,R02942
2502,R02943
2503,R02944
2504,R02945
2505,R02947
2506,R02948
2507,R02950
2508,R02951
2509,R02952
2510,R02953
2511,R02955
2512,R02957
2513,R02959
2514,R02960
2515,R02963
2516,R02964
2517,R02965
2518,R02967
2519,R02968
2520,R02971
2521,R02972
2522,R02973
2523,R02975
2524,R02976
2525,R02978
2526,R02980
2527,R02981
2528,R02982
2529,R02983
2530,R02984
2531,R02985
2532,R02986
2533,R02987
2534,R02988
2535,R02989
2536,R02990
2537,R02991
2538,R02992
2539,R02993
2540,R02997
2541,R02998
2542,R03001
2543,R03002
2544,R03005
2545,R03007
2546,R03009
2547,R03010
2548,R03012
2549,R03013
2550,R03014
2551,R03015
2552,R03016
2553,R03018
2554,R03020
2555,R03021
2556,R03022
2557,R03024
2558,R03025
2559,R03026
2560,R03028
2561,R03029
2562,R03030
2563,R03031
2564,R03032
2565,R03033
2566,R03036
2567,R03037
2568,R03040
2569,R03041
2570,R03042
2571,R03043
2572,R03044
2573,R03045
2574,R03047
2575,R03048
2576,R03050
2577,R03051
2578,R03053
2579,R03054
2580,R03055
2581,R03056
2582,R03057
2583,R03058
2584,R03060
2585,R03061
2586,R03062
2587,R03063
2588,R03064
2589,R03065
2590,R03067
2591,R03068
2592,R03070
2593,R03071
2594,R03073
2595,R03074
2596,R03075
2597,R03076
2598,R03077
2599,R03078
2600,R03079
2601,R03081
2602,R03083
2603,R03084
2604,R03086
2605,R03088
2606,R03089
2607,R03090
2608,R03091
2609,R03092
2610,R03094
2611,R03095
2612,R03097
2613,R03099
2614,R03100
2615,R03101
2616,R03103
2617,R03104
2618,R03105
2619,R03106
2620,R03107
2621,R03108
2622,R03109
2623,R03110
2624,R03111
2625,R03112
2626,R03114
2627,R03115
2628,R03116
2629,R03118
2630,R03120
2631,R03121
2632,R03122
2633,R03123
2634,R03126
2635,R03128
2636,R03129
2637,R03130
2638,R03132
2639,R03133
2640,R03134
2641,R03135
2642,R03136
2643,R03138
2644,R03140
2645,R03143
2646,R03146
2647,R03147
2648,R03149
2649,R03150
2650,R03151
2651,R03153
2652,R03155
2653,R03156
2654,R03159
2655,R03160
2656,R03161
2657,R03162
2658,R03163
2659,R03164
2660,R03165
2661,R03166
2662,R03168
2663,R03170
2664,R03173
2665,R03174
2666,R03176
2667,R03177
2668,R03179
2669,R03183
2670,R03186
2671,R03188
2672,R03190
2673,R03191
2674,R03192
2675,R03193
2676,R03194
2677,R03195
2678,R03196
2679,R03199
2680,R03200
2681,R03202
2682,R03203
2683,R03204
2684,R03206
2685,R03210
2686,R03213
2687,R03214
2688,R03215
2689,R03216
2690,R03220
2691,R03221
2692,R03224
2693,R03225
2694,R03226
2695,R03227
2696,R03230
2697,R03233
2698,R03234
2699,R03237
2700,R03238
2701,R03239
2702,R03240
2703,R03241
2704,R03243
2705,R03245
2706,R03246
2707,R03247
2708,R03249
2709,R03250
2710,R03252
2711,R03253
2712,R03254
2713,R03255
2714,R03260
2715,R03261
2716,R03262
2717,R03265
2718,R03266
2719,R03267
2720,R03268
2721,R03270
2722,R03271
2723,R03272
2724,R03273
2725,R03274
2726,R03275
2727,R03276
2728,R03278
2729,R03280
2730,R03281
2731,R03282
2732,R03283
2733,R03285
2734,R03286
2735,R03287
2736,R03288
2737,R03289
2738,R03290
2739,R03292
2740,R03293
2741,R03294
2742,R03295
2743,R03296
2744,R03297
2745,R03299
2746,R03302
2747,R03303
2748,R03304
2749,R03305
2750,R03308
2751,R03310
2752,R03311
2753,R03312
2754,R03313
2755,R03314
2756,R03315
2757,R03316
2758,R03317
2759,R03318
2760,R03319
2761,R03320
2762,R03321
2763,R03322
2764,R03323
2765,R03324
2766,R03326
2767,R03327
2768,R03329
2769,R03331
2770,R03333
2771,R03334
2772,R03336
2773,R03337
2774,R03338
2775,R03339
2776,R03341
2777,R03343
2778,R03345
2779,R03347
2780,R03353
2781,R03354
2782,R03355
2783,R03356
2784,R03358
2785,R03359
2786,R03360
2787,R03361
2788,R03362
2789,R03364
2790,R03365
2791,R03366
2792,R03367
2793,R03368
2794,R03369
2795,R03370
2796,R03371
2797,R03372
2798,R03373
2799,R03374
2800,R03376
2801,R03377
2802,R03379
2803,R03380
2804,R03381
2805,R03382
2806,R03383
2807,R03384
2808,R03385
2809,R03387
2810,R03388
2811,R03389
2812,R03390
2813,R03391
2814,R03393
2815,R03394
2816,R03395
2817,R03396
2818,R03397
2819,R03399
2820,R03400
2821,R03401
2822,R03402
2823,R03404
2824,R03405
2825,R03406
2826,R03407
2827,R03408
2828,R03412
2829,R03413
2830,R03414
2831,R03415
2832,R03416
2833,R03418
2834,R03420
2835,R03422
2836,R03423
2837,R03425
2838,R03427
2839,R03428
2840,R03429
2841,R03430
2842,R03431
2843,R03433
2844,R03435
2845,R03437
2846,R03438
2847,R03439
2848,R03440
2849,R03441
2850,R03444
2851,R03445
2852,R03446
2853,R03447
2854,R03448
2855,R03449
2856,R03452
2857,R03453
2858,R03454
2859,R03455
2860,R03457
2861,R03458
2862,R03459
2863,R03460
2864,R03461
2865,R03463
2866,R03464
2867,R03466
2868,R03467
2869,R03470
2870,R03471
2871,R03474
2872,R03475
2873,R03478
2874,R03481
2875,R03482
2876,R03483
2877,R03484
2878,R03485
2879,R03487
2880,R03489
2881,R03490
2882,R03491
2883,R03493
2884,R03494
2885,R03495
2886,R03496
2887,R03497
2888,R03498
2889,R03501
2890,R03502
2891,R03503
2892,R03504
2893,R03507
2894,R03508
2895,R03509
2896,R03510
2897,R03511
2898,R03513
2899,R03515
2900,R03516
2901,R03517
2902,R03518
2903,R03519
2904,R03520
2905,R03523
2906,R03524
2907,R03525
2908,R03526
2909,R03527
2910,R03528
2911,R03529
2912,R03530
2913,R03533
2914,R03534
2915,R03535
2916,R03536
2917,R03537
2918,R03538
2919,R03540
2920,R03541
2921,R03542
2922,R03543
2923,R03545
2924,R03546
2925,R03547
2926,R03548
2927,R03549
2928,R03550
2929,R03551
2930,R03552
2931,R03553
2932,R03555
2933,R03556
2934,R03557
2935,R03559
2936,R03561
2937,R03565
2938,R03566
2939,R03567
2940,R03568
2941,R03569
2942,R03571
2943,R03572
2944,R03573
2945,R03574
2946,R03576
2947,R03580
2948,R03581
2949,R03582
2950,R03583
2951,R03584
2952,R03585
2953,R03587
2954,R03588
2955,R03589
2956,R03591
2957,R03592
2958,R03593
2959,R03596
2960,R03597
2961,R03598
2962,R03599
2963,R03600
2964,R03601
2965,R03605
2966,R03607
2967,R03608
2968,R03610
2969,R03611
2970,R03612
2971,R03613
2972,R03614
2973,R03615
2974,R03616
2975,R03617
2976,R03618
2977,R03619
2978,R03621
2979,R03624
2980,R03625
2981,R03627
2982,R03628
2983,R03629
2984,R03630
2985,R03631
2986,R03632
2987,R03633
2988,R03634
2989,R03635
2990,R03636
2991,R03637
2992,R03639
2993,R03640
2994,R03642
2995,R03643
2996,R03646
2997,R03647
2998,R03648
2999,R03649
3000,R03650
3001,R03653
3002,R03654
3003,R03656
3004,R03658
3005,R03659
3006,R03660
3007,R03661
3008,R03662
3009,R03663
3010,R03664
3011,R03665
3012,R03666
3013,R03667
3014,R03668
3015,R03669
3016,R03670
3017,R03671
3018,R03672
3019,R03675
3020,R03677
3021,R03679
3022,R03680
3023,R03682
3024,R03684
3025,R03688
3026,R03689
3027,R03691
3028,R03692
3029,R03694
3030,R03695
3031,R03696
3032,R03697
3033,R03701
3034,R03703
3035,R03705
3036,R03706
3037,R03707
3038,R03708
3039,R03709
3040,R03710
3041,R03712
3042,R03714
3043,R03717
3044,R03718
3045,R03719
3046,R03721
3047,R03722
3048,R03723
3049,R03724
3050,R03727
3051,R03728
3052,R03729
3053,R03731
3054,R03732
3055,R03733
3056,R03736
3057,R03737
3058,R03738
3059,R03739
3060,R03740
3061,R03741
3062,R03742
3063,R03744
3064,R03746
3065,R03747
3066,R03748
3067,R03749
3068,R03751
3069,R03752
3070,R03753
3071,R03754
3072,R03755
3073,R03756
3074,R03757
3075,R03759
3076,R03760
3077,R03761
3078,R03763
3079,R03764
3080,R03765
3081,R03766
3082,R03767
3083,R03769
3084,R03770
3085,R03771
3086,R03772
3087,R03773
3088,R03774
3089,R03775
3090,R03776
3091,R03779
3092,R03780
3093,R03782
3094,R03783
3095,R03784
3096,R03785
3097,R03786
3098,R03789
3099,R03791
3100,R03792
3101,R03794
3102,R03795
3103,R03796
3104,R03797
3105,R03798
3106,R03800
3107,R03802
3108,R03803
3109,R03805
3110,R03806
3111,R03807
3112,R03810
3113,R03813
3114,R03814
3115,R03815
3116,R03816
3117,R03819
3118,R03820
3119,R03822
3120,R03823
3121,R03825
3122,R03826
3123,R03827
3124,R03828
3125,R03830
3126,R03831
3127,R03832
3128,R03833
3129,R03834
3130,R03835
3131,R03836
3132,R03838
3133,R03839
3134,R03840
3135,R03841
3136,R03842
3137,R03843
3138,R03845
3139,R03846
3140,R03847
3141,R03848
3142,R03850
3143,R03851
3144,R03853
3145,R03855
3146,R03856
3147,R03857
3148,R03861
3149,R03862
3150,R03863
3151,R03864
3152,R03865
3153,R03866
3154,R03867
3155,R03868
3156,R03869
3157,R03872
3158,R03873
3159,R03874
3160,R03875
3161,R03876
3162,R03878
3163,R03880
3164,R03881
3165,R03882
3166,R03887
3167,R03888
3168,R03889
3169,R03890
3170,R03891
3171,R03892
3172,R03893
3173,R03894
3174,R03897
3175,R03899
3176,R03900
3177,R03902
3178,R03904
3179,R03905
3180,R03906
3181,R03907
3182,R03908
3183,R03909
3184,R03911
3185,R03915
3186,R03916
3187,R03918
3188,R03920
3189,R03921
3190,R03922
3191,R03924
3192,R03926
3193,R03927
3194,R03928
3195,R03929
3196,R03933
3197,R03934
3198,R03935
3199,R03936
3200,R03939
3201,R03942
3202,R03943
3203,R03947
3204,R03949
3205,R03951
3206,R03952
3207,R03955
3208,R03956
3209,R03957
3210,R03958
3211,R03960
3212,R03962
3213,R03963
3214,R03964
3215,R03965
3216,R03966
3217,R03967
3218,R03968
3219,R03969
3220,R03973
3221,R03974
3222,R03975
3223,R03977
3224,R03978
3225,R03979
3226,R03981
3227,R03982
3228,R03983
3229,R03984
3230,R03985
3231,R03986
3232,R03987
3233,R03988
3234,R03989
3235,R03991
3236,R03992
3237,R03993
3238,R03994
3239,R03995
3240,R03997
3241,R03998
3242,R03999
3243,R04000
3244,R04001
3245,R04002
3246,R04003
3247,R04005
3248,R04006
3249,R04007
3250,R04009
3251,R04010
3252,R04012
3253,R04013
3254,R04014
3255,R04015
3256,R04017
3257,R04020
3258,R04021
3259,R04023
3260,R04025
3261,R04027
3262,R04028
3263,R04030
3264,R04031
3265,R04032
3266,R04033
3267,R04034
3268,R04035
3269,R04036
3270,R04037
3271,R04038
3272,R04041
3273,R04042
3274,R04044
3275,R04045
3276,R04047
3277,R04049
3278,R04050
3279,R04052
3280,R04053
3281,R04054
3282,R04056
3283,R04057
3284,R04059
3285,R04061
3286,R04063
3287,R04064
3288,R04065
3289,R04066
3290,R04067
3291,R04070
3292,R04071
3293,R04072
3294,R04078
3295,R04079
3296,R04080
3297,R04081
3298,R04082
3299,R04084
3300,R04085
3301,R04089
3302,R04090
3303,R04092
3304,R04093
3305,R04094
3306,R04095
3307,R04096
3308,R04097
3309,R04098
3310,R04099
3311,R04100
3312,R04101
3313,R04102
3314,R04108
3315,R04109
3316,R04110
3317,R04111
3318,R04112
3319,R04114
3320,R04115
3321,R04116
3322,R04117
3323,R04119
3324,R04120
3325,R04121
3326,R04123
3327,R04125
3328,R04126
3329,R04129
3330,R04130
3331,R04131
3332,R04132
3333,R04133
3334,R04134
3335,R04135
3336,R04136
3337,R04137
3338,R04138
3339,R04142
3340,R04143
3341,R04145
3342,R04146
3343,R04147
3344,R04150
3345,R04151
3346,R04152
3347,R04153
3348,R04160
3349,R04161
3350,R04163
3351,R04165
3352,R04166
3353,R04167
3354,R04168
3355,R04169
3356,R04171
3357,R04173
3358,R04175
3359,R04176
3360,R04179
3361,R04180
3362,R04183
3363,R04185
3364,R04186
3365,R04189
3366,R04190
3367,R04191
3368,R04192
3369,R04193
3370,R04195
3371,R04197
3372,R04198
3373,R04201
3374,R04202
3375,R04203
3376,R04204
3377,R04209
3378,R04215
3379,R04218
3380,R04219
3381,R04221
3382,R04224
3383,R04225
3384,R04226
3385,R04227
3386,R04229
3387,R04231
3388,R04232
3389,R04236
3390,R04239
3391,R04241
3392,R04242
3393,R04243
3394,R04244
3395,R04245
3396,R04246
3397,R04248
3398,R04249
3399,R04250
3400,R04252
3401,R04255
3402,R04256
3403,R04258
3404,R04259
3405,R04260
3406,R04261
3407,R04262
3408,R04264
3409,R04265
3410,R04267
3411,R04268
3412,R04271
3413,R04272
3414,R04274
3415,R04275
3416,R04278
3417,R04279
3418,R04280
3419,R04281
3420,R04282
3421,R04283
3422,R04285
3423,R04287
3424,R04288
3425,R04289
3426,R04290
3427,R04291
3428,R04292
3429,R04294
3430,R04297
3431,R04300
3432,R04301
3433,R04302
3434,R04303
3435,R04304
3436,R04305
3437,R04306
3438,R04307
3439,R04308
3440,R04310
3441,R04311
3442,R04313
3443,R04314
3444,R04315
3445,R04318
3446,R04320
3447,R04322
3448,R04323
3449,R04324
3450,R04328
3451,R04330
3452,R04332
3453,R04333
3454,R04334
3455,R04337
3456,R04338
3457,R04339
3458,R04340
3459,R04341
3460,R04342
3461,R04344
3462,R04345
3463,R04346
3464,R04347
3465,R04348
3466,R04349
3467,R04350
3468,R04352
3469,R04354
3470,R04355
3471,R04356
3472,R04357
3473,R04359
3474,R04360
3475,R04361
3476,R04363
3477,R04365
3478,R04369
3479,R04373
3480,R04375
3481,R04376
3482,R04377
3483,R04378
3484,R04380
3485,R04381
3486,R04384
3487,R04389
3488,R04390
3489,R04392
3490,R04393
3491,R04394
3492,R04395
3493,R04396
3494,R04397
3495,R04401
3496,R04402
3497,R04403
3498,R04404
3499,R04409
3500,R04410
3501,R04411
3502,R04412
3503,R04413
3504,R04414
3505,R04415
3506,R04416
3507,R04417
3508,R04418
3509,R04419
3510,R04420
3511,R04422
3512,R04423
3513,R04424
3514,R04425
3515,R04426
3516,R04428
3517,R04429
3518,R04430
3519,R04431
3520,R04434
3521,R04435
3522,R04436
3523,R04437
3524,R04439
3525,R04442
3526,R04443
3527,R04445
3528,R04446
3529,R04448
3530,R04451
3531,R04453
3532,R04454
3533,R04455
3534,R04459
3535,R04462
3536,R04463
3537,R04464
3538,R04466
3539,R04469
3540,R04470
3541,R04472
3542,R04474
3543,R04480
3544,R04481
3545,R04482
3546,R04483
3547,R04484
3548,R04486
3549,R04487
3550,R04488
3551,R04489
3552,R04491
3553,R04492
3554,R04493
3555,R04494
3556,R04495
3557,R04496
3558,R04498
3559,R04499
3560,R04500
3561,R04501
3562,R04502
3563,R04503
3564,R04504
3565,R04505
3566,R04506
3567,R04507
3568,R04508
3569,R04513
3570,R04514
3571,R04515
3572,R04516
3573,R04518
3574,R04519
3575,R04521
3576,R04523
3577,R04528
3578,R04530
3579,R04531
3580,R04534
3581,R04537
3582,R04538
3583,R04540
3584,R04541
3585,R04543
3586,R04544
3587,R04546
3588,R04547
3589,R04549
3590,R04552
3591,R04553
3592,R04554
3593,R04555
3594,R04557
3595,R04558
3596,R04560
3597,R04562
3598,R04563
3599,R04565
3600,R04566
3601,R04567
3602,R04568
3603,R04570
3604,R04578
3605,R04581
3606,R04582
3607,R04585
3608,R04586
3609,R04589
3610,R04591
3611,R04592
3612,R04593
3613,R04594
3614,R04595
3615,R04598
3616,R04599
3617,R04600
3618,R04601
3619,R04604
3620,R04605
3621,R04606
3622,R04607
3623,R04608
3624,R04609
3625,R04610
3626,R04612
3627,R04614
3628,R04615
3629,R04617
3630,R04619
3631,R04620
3632,R04624
3633,R04625
3634,R04626
3635,R04627
3636,R04628
3637,R04629
3638,R04630
3639,R04632
3640,R04634
3641,R04637
3642,R04638
3643,R04640
3644,R04641
3645,R04642
3646,R04643
3647,R04644
3648,R04646
3649,R04648
3650,R04649
3651,R04650
3652,R04654
3653,R04655
3654,R04656
3655,R04657
3656,R04658
3657,R04659
3658,R04661
3659,R04664
3660,R04667
3661,R04670
3662,R04673
3663,R04674
3664,R04676
3665,R04678
3666,R04679
3667,R04680
3668,R04682
3669,R04683
3670,R04684
3671,R04685
3672,R04688
3673,R04690
3674,R04691
3675,R04692
3676,R04693
3677,R04694
3678,R04695
3679,R04698
3680,R04702
3681,R04703
3682,R04704
3683,R04706
3684,R04708
3685,R04712
3686,R04713
3687,R04714
3688,R04716
3689,R04717
3690,R04720
3691,R04721
3692,R04725
3693,R04726
3694,R04727
3695,R04728
3696,R04729
3697,R04730
3698,R04731
3699,R04733
3700,R04735
3701,R04736
3702,R04737
3703,R04740
3704,R04742
3705,R04744
3706,R04746
3707,R04749
3708,R04750
3709,R04752
3710,R04753
3711,R04754
3712,R04756
3713,R04758
3714,R04760
3715,R04762
3716,R04763
3717,R04765
3718,R04766
3719,R04768
3720,R04770
3721,R04772
3722,R04773
3723,R04774
3724,R04775
3725,R04776
3726,R04777
3727,R04778
3728,R04782
3729,R04784
3730,R04785
3731,R04786
3732,R04787
3733,R04788
3734,R04789
3735,R04792
3736,R04795
3737,R04796
3738,R04797
3739,R04798
3740,R04799
3741,R04801
3742,R04803
3743,R04809
3744,R04811
3745,R04812
3746,R04813
3747,R04814
3748,R04815
3749,R04816
3750,R04818
3751,R04819
3752,R04820
3753,R04821
3754,R04823
3755,R04827
3756,R04829
3757,R04832
3758,R04833
3759,R04834
3760,R04836
3761,R04837
3762,R04839
3763,R04840
3764,R04841
3765,R04844
3766,R04845
3767,R04846
3768,R04849
3769,R04851
3770,R04852
3771,R04853
3772,R04854
3773,R04855
3774,R04859
3775,R04860
3776,R04862
3777,R04864
3778,R04865
3779,R04866
3780,R04867
3781,R04868
3782,R04870
3783,R04873
3784,R04874
3785,R04876
3786,R04878
3787,R04880
3788,R04883
3789,R04884
3790,R04886
3791,R04888
3792,R04889
3793,R04890
3794,R04891
3795,R04894
3796,R04903
3797,R04904
3798,R04905
3799,R04906
3800,R04907
3801,R04908
3802,R04909
3803,R04910
3804,R04914
3805,R04918
3806,R04919
3807,R04920
3808,R04921
3809,R04925
3810,R04926
3811,R04927
3812,R04928
3813,R04929
3814,R04933
3815,R04934
3816,R04935
3817,R04936
3818,R04939
3819,R04940
3820,R04941
3821,R04942
3822,R04943
3823,R04945
3824,R04946
3825,R04950
3826,R04951
3827,R04954
3828,R04955
3829,R04956
3830,R04958
3831,R04959
3832,R04960
3833,R04961
3834,R04962
3835,R04963
3836,R04964
3837,R04965
3838,R04967
3839,R04968
3840,R04972
3841,R04973
3842,R04974
3843,R04975
3844,R04976
3845,R04977
3846,R04978
3847,R04979
3848,R04982
3849,R04985
3850,R04986
3851,R04987
3852,R04988
3853,R04990
3854,R04996
3855,R05001
3856,R05003
3857,R05005
3858,R05006
3859,R05008
3860,R05009
3861,R05012
3862,R05013
3863,R05014
3864,R05015
3865,R05016
3866,R05020
3867,R05021
3868,R05023
3869,R05025
3870,R05026
3871,R05028
3872,R05029
3873,R05030
3874,R05032
3875,R05034
3876,R05036
3877,R05037
3878,R05038
3879,R05039
3880,R05040
3881,R05041
3882,R05043
3883,R05045
3884,R05047
3885,R05048
3886,R05049
3887,R05050
3888,R05052
3889,R05053
3890,R05055
3891,R05056
3892,R05058
3893,R05059
3894,R05060
3895,R05061
3896,R05062
3897,R05063
3898,R05064
3899,R05065
3900,R05068
3901,R05072
3902,R05073
3903,R05074
3904,R05075
3905,R05077
3906,R05079
3907,R05080
3908,R05081
3909,R05084
3910,R05086
3911,R05087
3912,R05088
3913,R05092
3914,R05093
3915,R05094
3916,R05095
3917,R05096
3918,R05098
3919,R05099
3920,R05102
3921,R05106
3922,R05108
3923,R05110
3924,R05113
3925,R05114
3926,R05115
3927,R05117
3928,R05118
3929,R05122
3930,R05123
3931,R05124
3932,R05126
3933,R05127
3934,R05128
3935,R05132
3936,R05133
3937,R05134
3938,R05135
3939,R05136
3940,R05138
3941,R05140
3942,R05142
3943,R05143
3944,R05145
3945,R05148
3946,R05149
3947,R05151
3948,R05152
3949,R05153
3950,R05155
3951,R05156
3952,R05157
3953,R05158
3954,R05162
3955,R05165
3956,R05166
3957,R05167
3958,R05169
3959,R05170
3960,R05171
3961,R05173
3962,R05176
3963,R05177
3964,R05178
3965,R05179
3966,R05181
3967,R05182
3968,R05185
3969,R05186
3970,R05190
3971,R05191
3972,R05192
3973,R05193
3974,R05194
3975,R05198
3976,R05199
3977,R05200
3978,R05201
3979,R05203
3980,R05204
3981,R05205
3982,R05206
3983,R05207
3984,R05208
3985,R05209
3986,R05210
3987,R05211
3988,R05212
3989,R05213
3990,R05214
3991,R05215
3992,R05219
3993,R05220
3994,R05221
3995,R05222
3996,R05223
3997,R05225
3998,R05226
3999,R05227
4000,R05229
4001,R05231
4002,R05235
4003,R05236
4004,R05237
4005,R05241
4006,R05243
4007,R05246
4008,R05247
4009,R05249
4010,R05251
4011,R05252
4012,R05253
4013,R05254
4014,R05257
4015,R05258
4016,R05259
4017,R05260
4018,R05263
4019,R05264
4020,R05267
4021,R05268
4022,R05270
4023,R05272
4024,R05273
4025,R05275
4026,R05278
4027,R05281
4028,R05282
4029,R05284
4030,R05288
4031,R05289
4032,R05291
4033,R05293
4034,R05295
4035,R05296
4036,R05297
4037,R05298
4038,R05301
4039,R05302
4040,R05303
4041,R05304
4042,R05305
4043,R05306
4044,R05308
4045,R05310
4046,R05311
4047,R05312
4048,R05313
4049,R05315
4050,R05320
4051,R05322
4052,R05325
4053,R05327
4054,R05328
4055,R05331
4056,R05332
4057,R05333
4058,R05334
4059,R05335
4060,R05336
4061,R05337
4062,R05338
4063,R05341
4064,R05342
4065,R05347
4066,R05349
4067,R05350
4068,R05352
4069,R05353
4070,R05358
4071,R05359
4072,R05360
4073,R05361
4074,R05363
4075,R05365
4076,R05366
4077,R05367
4078,R05368
4079,R05370
4080,R05373
4081,R05374
4082,R05377
4083,R05378
4084,R05380
4085,R05381
4086,R05382
4087,R05383
4088,R05384
4089,R05385
4090,R05386
4091,R05390
4092,R05392
4093,R05393
4094,R05394
4095,R05397
4096,R05398
4097,R05399
4098,R05401
4099,R05403
4100,R05405
4101,R05406
4102,R05407
4103,R05408
4104,R05410
4105,R05411
4106,R05412
4107,R05415
4108,R05417
4109,R05419
4110,R05422
4111,R05423
4112,R05424
4113,R05425
4114,R05426
4115,R05427
4116,R05429
4117,R05430
4118,R05432
4119,R05433
4120,R05434
4121,R05438
4122,R05440
4123,R05441
4124,R05442
4125,R05444
4126,R05445
4127,R05448
4128,R05450
4129,R05451
4130,R05452
4131,R05454
4132,R05455
4133,R05456
4134,R05458
4135,R05459
4136,R05464
4137,R05465
4138,R05467
4139,R05468
4140,R05470
4141,R05471
4142,R05472
4143,R05474
4144,R05477
4145,R05479
4146,R05480
4147,R05483
4148,R05484
4149,R05485
4150,R05486
4151,R05487
4152,R05489
4153,R05490
4154,R05492
4155,R05494
4156,R05495
4157,R05496
4158,R05499
4159,R05500
4160,R05501
4161,R05502
4162,R05503
4163,R05504
4164,R05505
4165,R05506
4166,R05507
4167,R05508
4168,R05509
4169,R05510
4170,R05511
4171,R05512
4172,R05513
4173,R05515
4174,R05517
4175,R05518
4176,R05520
4177,R05521
4178,R05522
4179,R05524
4180,R05526
4181,R05528
4182,R05529
4183,R05531
4184,R05532
4185,R05535
4186,R05537
4187,R05541
4188,R05542
4189,R05543
4190,R05545
4191,R05546
4192,R05549
4193,R05550
4194,R05551
4195,R05552
4196,R05553
4197,R05555
4198,R05556
4199,R05557
4200,R05559
4201,R05560
4202,R05562
4203,R05563
4204,R05564
4205,R05565
4206,R05566
4207,R05567
4208,R05570
4209,R05572
4210,R05576
4211,R05577
4212,R05580
4213,R05581
4214,R05583
4215,R05585
4216,R05586
4217,R05587
4218,R05588
4219,R05589
4220,R05591
4221,R05592
4222,R05594
4223,R05595
4224,R05596
4225,R05600
4226,R05601
4227,R05602
4228,R05605
4229,R05608
4230,R05612
4231,R05613
4232,R05614
4233,R05615
4234,R05616
4235,R05617
4236,R05618
4237,R05619
4238,R05620
4239,R05621
4240,R05624
4241,R05627
4242,R05632
4243,R05635
4244,R05637
4245,R05641
4246,R05643
4247,R05644
4248,R05645
4249,R05648
4250,R05649
4251,R05650
4252,R05652
4253,R05653
4254,R05654
4255,R05655
4256,R05656
4257,R05657
4258,R05658
4259,R05660
4260,R05661
4261,R05663
4262,R05664
4263,R05665
4264,R05666
4265,R05667
4266,R05668
4267,R05669
4268,R05670
4269,R05671
4270,R05672
4271,R05674
4272,R05675
4273,R05677
4274,R05678
4275,R05679
4276,R05680
4277,R05683
4278,R05686
4279,R05689
4280,R05691
4281,R05696
4282,R05697
4283,R05698
4284,R05699
4285,R05700
4286,R05701
4287,R05702
4288,R05703
4289,R05704
4290,R05706
4291,R05707
4292,R05708
4293,R05711
4294,R05712
4295,R05713
4296,R05715
4297,R05716
4298,R05718
4299,R05722
4300,R05724
4301,R05725
4302,R05726
4303,R05727
4304,R05733
4305,R05735
4306,R05736
4307,R05737
4308,R05739
4309,R05741
4310,R05745
4311,R05746
4312,R05751
4313,R05752
4314,R05755
4315,R05757
4316,R05758
4317,R05759
4318,R05761
4319,R05763
4320,R05764
4321,R05765
4322,R05767
4323,R05768
4324,R05770
4325,R05773
4326,R05775
4327,R05777
4328,R05782
4329,R05783
4330,R05784
4331,R05785
4332,R05786
4333,R05789
4334,R05792
4335,R05793
4336,R05795
4337,R05796
4338,R05797
4339,R05798
4340,R05800
4341,R05801
4342,R05804
4343,R05805
4344,R05806
4345,R05807
4346,R05808
4347,R05809
4348,R05811
4349,R05812
4350,R05813
4351,R05814
4352,R05816
4353,R05817
4354,R05818
4355,R05820
4356,R05821
4357,R05822
4358,R05824
4359,R05825
4360,R05828
4361,R05829
4362,R05831
4363,R05832
4364,R05833
4365,R05837
4366,R05838
4367,R05840
4368,R05841
4369,R05843
4370,R05844
4371,R05845
4372,R05847
4373,R05849
4374,R05851
4375,R05853
4376,R05858
4377,R05861
4378,R05863
4379,R05866
4380,R05870
4381,R05871
4382,R05876
4383,R05878
4384,R05879
4385,R05880
4386,R05881
4387,R05883
4388,R05884
4389,R05885
4390,R05886
4391,R05887
4392,R05888
4393,R05889
4394,R05890
4395,R05892
4396,R05893
4397,R05895
4398,R05896
4399,R05898
4400,R05900
4401,R05903
4402,R05904
4403,R05906
4404,R05907
4405,R05909
4406,R05910
4407,R05911
4408,R05913
4409,R05914
4410,R05915
4411,R05918
4412,R05919
4413,R05921
4414,R05923
4415,R05924
4416,R05925
4417,R05927
4418,R05932
4419,R05934
4420,R05935
4421,R05938
4422,R05939
4423,R05942
4424,R05944
4425,R05946
4426,R05947
4427,R05949
4428,R05953
4429,R05954
4430,R05955
4431,R05956
4432,R05958
4433,R05959
4434,R05960
4435,R05961
4436,R05962
4437,R05969
4438,R05970
4439,R05972
4440,R05973
4441,R05975
4442,R05976
4443,R05977
4444,R05978
4445,R05982
4446,R05983
4447,R05990
4448,R05991
4449,R05992
4450,R05994
4451,R05995
4452,R05996
4453,R05999
4454,R06000
4455,R06001
4456,R06002
4457,R06003
4458,R06004
4459,R06005
4460,R06007
4461,R06008
4462,R06010
4463,R06011
4464,R06013
4465,R06015
4466,R06016
4467,R06017
4468,R06018
4469,R06021
4470,R06022
4471,R06023
4472,R06024
4473,R06025
4474,R06026
4475,R06027
4476,R06028
4477,R06030
4478,R06031
4479,R06033
4480,R06034
4481,R06035
4482,R06040
4483,R06043
4484,R06044
4485,R06045
4486,R06046
4487,R06047
4488,R06049
4489,R06050
4490,R06052
4491,R06055
4492,R06057
4493,R06058
4494,R06060
4495,R06062
4496,R06065
4497,R06066
4498,R06067
4499,R06068
4500,R06070
4501,R06071
4502,R06072
4503,R06073
4504,R06076
4505,R06077
4506,R06078
4507,R06079
4508,R06080
4509,R06081
4510,R06083
4511,R06084
4512,R06085
4513,R06086
4514,R06088
4515,R06092
4516,R06094
4517,R06095
4518,R06096
4519,R06098
4520,R06099
4521,R06100
4522,R06101
4523,R06102
4524,R06103
4525,R06107
4526,R06109
4527,R06110
4528,R06111
4529,R06118
4530,R06121
4531,R06123
4532,R06124
4533,R06125
4534,R06126
4535,R06127
4536,R06129
4537,R06133
4538,R06134
4539,R06136
4540,R06137
4541,R06138
4542,R06139
4543,R06140
4544,R06141
4545,R06144
4546,R06145
4547,R06146
4548,R06148
4549,R06150
4550,R06151
4551,R06153
4552,R06154
4553,R06155
4554,R06158
4555,R06161
4556,R06164
4557,R06165
4558,R06167
4559,R06172
4560,R06175
4561,R06179
4562,R06181
4563,R06183
4564,R06184
4565,R06187
4566,R06188
4567,R06189
4568,R06192
4569,R06193
4570,R06196
4571,R06197
4572,R06201
4573,R06204
4574,R06205
4575,R06206
4576,R06208
4577,R06209
4578,R06211
4579,R06212
4580,R06213
4581,R06214
4582,R06215
4583,R06219
4584,R06220
4585,R06223
4586,R06225
4587,R06226
4588,R06229
4589,R06230
4590,R06234
4591,R06236
4592,R06238
4593,R06242
4594,R06243
4595,R06245
4596,R06248
4597,R06250
4598,R06257
4599,R06258
4600,R06260
4601,R06261
4602,R06263
4603,R06264
4604,R06266
4605,R06267
4606,R06268
4607,R06269
4608,R06270
4609,R06273
4610,R06274
4611,R06275
4612,R06276
4613,R06278
4614,R06280
4615,R06281
4616,R06282
4617,R06283
4618,R06285
4619,R06286
4620,R06287
4621,R06290
4622,R06291
4623,R06292
4624,R06293
4625,R06294
4626,R06296
4627,R06297
4628,R06304
4629,R06306
4630,R06308
4631,R06309
4632,R06310
4633,R06312
4634,R06313
4635,R06314
4636,R06316
4637,R06319
4638,R06320
4639,R06321
4640,R06328
4641,R06329
4642,R06333
4643,R06336
4644,R06338
4645,R06339
4646,R06341
4647,R06343
4648,R06346
4649,R06352
4650,R06353
4651,R06354
4652,R06355
4653,R06358
4654,R06361
4655,R06364
4656,R06365
4657,R06368
4658,R06370
4659,R06372
4660,R06375
4661,R06377
4662,R06379
4663,R06380
4664,R06381
4665,R06382
4666,R06383
4667,R06386
4668,R06387
4669,R06390
4670,R06395
4671,R06396
4672,R06398
4673,R06399
4674,R06400
4675,R06402
4676,R06404
4677,R06407
4678,R06409
4679,R06410
4680,R06411
4681,R06412
4682,R06415
4683,R06416
4684,R06419
4685,R06420
4686,R06425
4687,R06427
4688,R06429
4689,R06431
4690,R06432
4691,R06434
4692,R06437
4693,R06438
4694,R06439
4695,R06440
4696,R06441
4697,R06443
4698,R06444
4699,R06445
4700,R06446
4701,R06448
4702,R06451
4703,R06452
4704,R06453
4705,R06454
4706,R06455
4707,R06457
4708,R06458
4709,R06460
4710,R06467
4711,R06468
4712,R06469
4713,R06475
4714,R06477
4715,R06485
4716,R06487
4717,R06488
4718,R06490
4719,R06494
4720,R06498
4721,R06500
4722,R06501
4723,R06503
4724,R06504
4725,R06505
4726,R06508
4727,R06509
4728,R06511
4729,R06512
4730,R06514
4731,R06515
4732,R06516
4733,R06520
4734,R06521
4735,R06522
4736,R06523
4737,R06525
4738,R06527
4739,R06528
4740,R06529
4741,R06530
4742,R06537
4743,R06538
4744,R06542
4745,R06543
4746,R06547
4747,R06550
4748,R06556
4749,R06560
4750,R06563
4751,R06564
4752,R06565
4753,R06566
4754,R06570
4755,R06571
4756,R06573
4757,R06575
4758,R06576
4759,R06578
4760,R06580
4761,R06582
4762,R06586
4763,R06587
4764,R06589
4765,R06590
4766,R06592
4767,R06593
4768,R06595
4769,R06596
4770,R06598
4771,R06600
4772,R06609
4773,R06612
4774,R06614
4775,R06615
4776,R06616
4777,R06617
4778,R06618
4779,R06620
4780,R06622
4781,R06623
4782,R06625
4783,R06626
4784,R06627
4785,R06629
4786,R06630
4787,R06631
4788,R06635
4789,R06636
4790,R06639
4791,R06642
4792,R06645
4793,R06648
4794,R06649
4795,R06651
4796,R06652
4797,R06653
4798,R06654
4799,R06655
4800,R06656
4801,R06657
4802,R06658
4803,R06661
4804,R06665
4805,R06666
4806,R06668
4807,R06670
4808,R06676
4809,R06680
4810,R06681
4811,R06682
4812,R06687
4813,R06689
4814,R06690
4815,R06692
4816,R06694
4817,R06695
4818,R06696
4819,R06697
4820,R06701
4821,R06702
4822,R06703
4823,R06704
4824,R06705
4825,R06707
4826,R06708
4827,R06709
4828,R06710
4829,R06711
4830,R06712
4831,R06713
4832,R06715
4833,R06716
4834,R06718
4835,R06719
4836,R06720
4837,R06721
4838,R06724
4839,R06726
4840,R06730
4841,R06731
4842,R06732
4843,R06733
4844,R06734
4845,R06735
4846,R06736
4847,R06737
4848,R06739
4849,R06740
4850,R06743
4851,R06744
4852,R06745
4853,R06749
4854,R06750
4855,R06752
4856,R06753
4857,R06754
4858,R06757
4859,R06758
4860,R06760
4861,R06761
4862,R06765
4863,R06766
4864,R06768
4865,R06769
4866,R06770
4867,R06771
4868,R06772
4869,R06773
4870,R06775
4871,R06779
4872,R06786
4873,R06788
4874,R06791
4875,R06792
4876,R06794
4877,R06799
4878,R06800
4879,R06804
4880,R06805
4881,R06807
4882,R06808
4883,R06809
4884,R06810
4885,R06812
4886,R06814
4887,R06816
4888,R06817
4889,R06819
4890,R06820
4891,R06825
4892,R06828
4893,R06829
4894,R06831
4895,R06835
4896,R06836
4897,R06837
4898,R06838
4899,R06839
4900,R06840
4901,R06841
4902,R06843
4903,R06844
4904,R06851
4905,R06852
4906,R06857
4907,R06858
4908,R06860
4909,R06861
4910,R06862
4911,R06864
4912,R06865
4913,R06870
4914,R06871
4915,R06872
4916,R06875
4917,R06881
4918,R06882
4919,R06888
4920,R06890
4921,R06891
4922,R06893
4923,R06894
4924,R06897
4925,R06899
4926,R06903
4927,R06905
4928,R06906
4929,R06907
4930,R06908
4931,R06909
4932,R06911
4933,R06915
4934,R06917
4935,R06918
4936,R06919
4937,R06920
4938,R06921
4939,R06922
4940,R06923
4941,R06924
4942,R06925
4943,R06928
4944,R06929
4945,R06930
4946,R06931
4947,R06935
4948,R06936
4949,R06939
4950,R06942
4951,R06943
4952,R06944
4953,R06945
4954,R06946
4955,R06948
4956,R06949
4957,R06951
4958,R06952
4959,R06953
4960,R06955
4961,R06956
4962,R06958
4963,R06959
4964,R06960
4965,R06961
4966,R06962
4967,R06967
4968,R06968
4969,R06970
4970,R06973
4971,R06974
4972,R06975
4973,R06978
4974,R06980
4975,R06986
4976,R06989
4977,R06991
4978,R06992
4979,R06993
4980,R06995
4981,R06996
4982,R06999
4983,R07001
4984,R07002
4985,R07003
4986,R07005
4987,R07006
4988,R07007
4989,R07008
4990,R07009
4991,R07013
4992,R07014
4993,R07015
4994,R07017
4995,R07020
4996,R07022
4997,R07023
4998,R07025
4999,R07029
5000,R07035
5001,R07036
5002,R07037
5003,R07040
5004,R07041
5005,R07047
5006,R07048
5007,R07049
5008,R07054
5009,R07055
5010,R07056
5011,R07061
5012,R07063
5013,R07065
5014,R07066
5015,R07068
5016,R07069
5017,R07071
5018,R07072
5019,R07073
5020,R07075
5021,R07076
5022,R07077
5023,R07082
5024,R07083
5025,R07084
5026,R07092
5027,R07093
5028,R07094
5029,R07095
5030,R07101
5031,R07106
5032,R07107
5033,R07108
5034,R07110
5035,R07112
5036,R07113
5037,R07115
5038,R07116
5039,R07119
5040,R07122
5041,R07123
5042,R07125
5043,R07127
5044,R07128
5045,R07130
5046,R07131
5047,R07132
5048,R07133
5049,R07137
5050,R07139
5051,R07140
5052,R07144
5053,R07146
5054,R07149
5055,R07151
5056,R07153
5057,R07156
5058,R07160
5059,R07162
5060,R07163
5061,R07164
5062,R07165
5063,R07167
5064,R07168
5065,R07170
5066,R07173
5067,R07175
5068,R07177
5069,R07179
5070,R07181
5071,R07185
5072,R07186
5073,R07188
5074,R07189
5075,R07194
5076,R07195
5077,R07198
5078,R07200
5079,R07202
5080,R07204
5081,R07207
5082,R07210
5083,R07211
5084,R07212
5085,R07214
5086,R07217
5087,R07222
5088,R07224
5089,R07225
5090,R07228
5091,R07233
5092,R07239
5093,R07241
5094,R07242
5095,R07247
5096,R07248
5097,R07249
5098,R07251
5099,R07255
5100,R07259
5101,R07262
5102,R07264
5103,R07265
5104,R07268
5105,R07270
5106,R07271
5107,R07272
5108,R07273
5109,R07274
5110,R07278
5111,R07279
5112,R07280
5113,R07283
5114,R07286
5115,R07287
5116,R07288
5117,R07289
5118,R07290
5119,R07294
5120,R07295
5121,R07302
5122,R07306
5123,R07307
5124,R07312
5125,R07313
5126,R07314
5127,R07315
5128,R07317
5129,R07318
5130,R07323
5131,R07325
5132,R07326
5133,R07331
5134,R07332
5135,R07333
5136,R07335
5137,R07336
5138,R07338
5139,R07339
5140,R07340
5141,R07341
5142,R07342
5143,R07343
5144,R07346
5145,R07350
5146,R07354
5147,R07355
5148,R07356
5149,R07357
5150,R07358
5151,R07359
5152,R07360
5153,R07366
5154,R07367
5155,R07368
5156,R07369
5157,R07370
5158,R07374
5159,R07375
5160,R07377
5161,R07378
5162,R07380
5163,R07381
5164,R07382
5165,R07383
5166,R07386
5167,R07387
5168,R07388
5169,R07390
5170,R07392
5171,R07394
5172,R07395
5173,R07396
5174,R07398
5175,R07401
5176,R07404
5177,R07406
5178,R07407
5179,R07412
5180,R07413
5181,R07415
5182,R07416
5183,R07417
5184,R07419
5185,R07421
5186,R07422
5187,R07424
5188,R07425
5189,R07426
5190,R07427
5191,R07428
5192,R07431
5193,R07432
5194,R07433
5195,R07434
5196,R07439
5197,R07440
5198,R07445
5199,R07449
5200,R07450
5201,R07459
5202,R07460
5203,R07463
5204,R07464
5205,R07468
5206,R07470
5207,R07475
5208,R07476
5209,R07478
5210,R07484
5211,R07485
5212,R07486
5213,R07487
5214,R07491
5215,R07493
5216,R07494
5217,R07495
5218,R07496
5219,R07497
5220,R07498
5221,R07499
5222,R07500
5223,R07505
5224,R07507
5225,R07510
5226,R07511
5227,R07514
5228,R07516
5229,R07517
5230,R07518
5231,R07522
5232,R07524
5233,R07526
5234,R07527
5235,R07530
5236,R07534
5237,R07537
5238,R07539
5239,R07540
5240,R07543
5241,R07545
5242,R07546
5243,R07549
5244,R07551
5245,R07552
5246,R07555
5247,R07556
5248,R07561
5249,R07562
5250,R07569
5251,R07571
5252,R07572
5253,R07573
5254,R07575
5255,R07577
5256,R07578
5257,R07580
5258,R07582
5259,R07587
5260,R07591
5261,R07592
5262,R07594
5263,R07595
5264,R07598
5265,R07599
5266,R07602
5267,R07603
5268,R07604
5269,R07608
5270,R07609
5271,R07614
5272,R07620
5273,R07623
5274,R07627
5275,R07631
5276,R07632
5277,R07633
5278,R07634
5279,R07636
5280,R07638
5281,R07642
5282,R07647
5283,R07649
5284,R07652
5285,R07658
5286,R07660
5287,R07662
5288,R07664
5289,R07665
5290,R07668
5291,R07669
5292,R07673
5293,R07678
5294,R07681
5295,R07682
5296,R07683
5297,R07688
5298,R07689
5299,R07697
5300,R07698
5301,R07700
5302,R07701
5303,R07702
5304,R07703
5305,R07704
5306,R07707
5307,R07708
5308,R07709
5309,R07714
5310,R07719
5311,R07721
5312,R07722
5313,R07723
5314,R07725
5315,R07727
5316,R07728
5317,R07731
5318,R07734
5319,R07740
5320,R07741
5321,R07742
5322,R07743
5323,R07745
5324,R07746
5325,R07748
5326,R07750
5327,R07754
5328,R07764
5329,R07765
5330,R07768
5331,R07769
5332,R07770
5333,R07771
5334,R07772
5335,R07774
5336,R07775
5337,R07777
5338,R07778
5339,R07779
5340,R07781
5341,R07782
5342,R07786
5343,R07789
5344,R07790
5345,R07791
5346,R07793
5347,R07794
5348,R07796
5349,R07799
5350,R07801
5351,R07803
5352,R07806
5353,R07807
5354,R07808
5355,R07809
5356,R07813
5357,R07814
5358,R07815
5359,R07816
5360,R07823
5361,R07824
5362,R07825
5363,R07826
5364,R07828
5365,R07838
5366,R07839
5367,R07843
5368,R07846
5369,R07847
5370,R07848
5371,R07849
5372,R07856
5373,R07858
5374,R07869
5375,R07870
5376,R07871
5377,R07872
5378,R07876
5379,R07878
5380,R07879
5381,R07880
5382,R07881
5383,R07883
5384,R07884
5385,R07890
5386,R07894
5387,R07901
5388,R07904
5389,R07905
5390,R07907
5391,R07908
5392,R07909
5393,R07912
5394,R07913
5395,R07914
5396,R07915
5397,R07921
5398,R07922
5399,R07923
5400,R07924
5401,R07927
5402,R07929
5403,R07931
5404,R07934
5405,R07935
5406,R07936
5407,R07937
5408,R07938
5409,R07939
5410,R07940
5411,R07944
5412,R07946
5413,R07947
5414,R07950
5415,R07951
5416,R07963
5417,R07965
5418,R07966
5419,R07967
5420,R07969
5421,R07971
5422,R07975
5423,R07977
5424,R07978
5425,R07983
5426,R07984
5427,R07985
5428,R07987
5429,R07992
5430,R07993
5431,R08005
5432,R08006
5433,R08009
5434,R08014
5435,R08017
5436,R08019
5437,R08021
5438,R08022
5439,R08024
5440,R08027
5441,R08029
5442,R08034
5443,R08035
5444,R08041
5445,R08042
5446,R08043
5447,R08044
5448,R08048
5449,R08050
5450,R08051
5451,R08057
5452,R08058
5453,R08060
5454,R08063
5455,R08065
5456,R08068
5457,R08069
5458,R08070
5459,R08072
5460,R08075
5461,R08080
5462,R08081
5463,R08082
5464,R08089
5465,R08091
5466,R08095
5467,R08097
5468,R08098
5469,R08099
5470,R08100
5471,R08104
5472,R08107
5473,R08112
5474,R08115
5475,R08116
5476,R08117
5477,R08118
5478,R08119
5479,R08121
5480,R08122
5481,R08124
5482,R08125
5483,R08126
5484,R08130
5485,R08133
5486,R08135
5487,R08137
5488,R08141
5489,R08143
5490,R08144
5491,R08147
5492,R08151
5493,R08152
5494,R08156
5495,R08159
5496,R08163
5497,R08164
5498,R08167
5499,R08169
5500,R08170
5501,R08173
5502,R08174
5503,R08175
5504,R08177
5505,R08180
5506,R08181
5507,R08182
5508,R08186
5509,R08187
5510,R08190
5511,R08191
5512,R08195
5513,R08200
5514,R08202
5515,R08205
5516,R08212
5517,R08213
5518,R08214
5519,R08215
5520,R08217
5521,R08222
5522,R08226
5523,R08227
5524,R08229
5525,R08233
5526,R08236
5527,R08240
5528,R08245
5529,R08247
5530,R08250
5531,R08254
5532,R08255
5533,R08256
5534,R08257
5535,R08261
5536,R08262
5537,R08267
5538,R08269
5539,R08270
5540,R08272
5541,R08273
5542,R08275
5543,R08278
5544,R08284
5545,R08289
5546,R08292
5547,R08297
5548,R08299
5549,R08300
5550,R08301
5551,R08305
5552,R08306
5553,R08307
5554,R08309
5555,R08312
5556,R08313
5557,R08319
5558,R08323
5559,R08329
5560,R08330
5561,R08331
5562,R08333
5563,R08335
5564,R08336
5565,R08340
5566,R08342
5567,R08344
5568,R08345
5569,R08348
5570,R08349
5571,R08352
5572,R08354
5573,R08356
5574,R08358
5575,R08362
5576,R08364
5577,R08371
5578,R08372
5579,R08374
5580,R08375
5581,R08376
5582,R08377
5583,R08384
5584,R08385
5585,R08386
5586,R08388
5587,R08389
5588,R08396
5589,R08398
5590,R08399
5591,R08404
5592,R08405
5593,R08406
5594,R08408
5595,R08409
5596,R08410
5597,R08412
5598,R08413
5599,R08414
5600,R08416
5601,R08420
5602,R08421
5603,R08424
5604,R08425
5605,R08426
5606,R08432
5607,R08436
5608,R08438
5609,R08440
5610,R08443
5611,R08447
5612,R08449
5613,R08450
5614,R08453
5615,R08455
5616,R08457
5617,R08460
5618,R08464
5619,R08466
5620,R08468
5621,R08470
5622,R08471
5623,R08472
5624,R08473
5625,R08474
5626,R08475
5627,R08477
5628,R08481
5629,R08482
5630,R08486
5631,R08487
5632,R08488
5633,R08491
5634,R08499
5635,R08501
5636,R08503
5637,R08506
5638,R08507
5639,R08510
5640,R08515
5641,R08516
5642,R08520
5643,R08522
5644,R08528
5645,R08530
5646,R08533
5647,R08534
5648,R08535
5649,R08536
5650,R08541
5651,R08543
5652,R08545
5653,R08546
5654,R08548
5655,R08549
5656,R08552
5657,R08553
5658,R08557
5659,R08558
5660,R08559
5661,R08560
5662,R08566
5663,R08567
5664,R08570
5665,R08571
5666,R08572
5667,R08573
5668,R08574
5669,R08579
5670,R08583
5671,R08584
5672,R08586
5673,R08587
5674,R08592
5675,R08594
5676,R08595
5677,R08597
5678,R08599
5679,R08600
5680,R08604
5681,R08606
5682,R08610
5683,R08613
5684,R08615
5685,R08617
5686,R08618
5687,R08624
5688,R08626
5689,R08637
5690,R08638
5691,R08639
5692,R08640
5693,R08641
5694,R08645
5695,R08646
5696,R08656
5697,R08658
5698,R08660
5699,R08661
5700,R08662
5701,R08664
5702,R08666
5703,R08669
5704,R08671
5705,R08673
5706,R08675
5707,R08677
5708,R08679
5709,R08681
5710,R08689
5711,R08695
5712,R08696
5713,R08698
5714,R08704
5715,R08705
5716,R08712
5717,R08713
5718,R08714
5719,R08715
5720,R08716
5721,R08717
5722,R08718
5723,R08720
5724,R08721
5725,R08723
5726,R08724
5727,R08725
5728,R08729
5729,R08731
5730,R08734
5731,R08735
5732,R08736
5733,R08737
5734,R08738
5735,R08739
5736,R08741
5737,R08742
5738,R08745
5739,R08753
5740,R08755
5741,R08759
5742,R08760
5743,R08763
5744,R08766
5745,R08767
5746,R08777
5747,R08780
5748,R08784
5749,R08785
5750,R08792
5751,R08794
5752,R08801
5753,R08802
5754,R08803
5755,R08807
5756,R08814
5757,R08815
5758,R08821
5759,R08823
5760,R08824
5761,R08826
5762,R08827
5763,R08828
5764,R08830
5765,R08832
5766,R08835
5767,R08837
5768,R08839
5769,R08841
5770,R08845
5771,R08846
5772,R08848
5773,R08850
5774,R08851
5775,R08852
5776,R08853
5777,R08857
5778,R08858
5779,R08864
5780,R08865
5781,R08868
5782,R08870
5783,R08872
5784,R08873
5785,R08874
5786,R08876
5787,R08877
5788,R08878
5789,R08879
5790,R08882
5791,R08883
5792,R08884
5793,R08886
5794,R08890
5795,R08891
5796,R08892
5797,R08894
5798,R08896
5799,R08897
5800,R08902
5801,R08905
5802,R08906
5803,R08907
5804,R08914
5805,R08915
5806,R08916
5807,R08919
5808,R08922
5809,R08923
5810,R08924
5811,R08925
5812,R08927
5813,R08930
5814,R08932
5815,R08933
5816,R08934
5817,R08935
5818,R08938
5819,R08940
5820,R08941
5821,R08945
5822,R08947
5823,R08951
5824,R08956
5825,R08959
5826,R08960
5827,R08963
5828,R08965
5829,R08967
5830,R08969
5831,R08973
5832,R08974
5833,R08975
5834,R08977
5835,R08978
5836,R08979
5837,R08980
5838,R08982
5839,R08984
5840,R08990
5841,R08992
5842,R09000
5843,R09004
5844,R09005
5845,R09008
5846,R09009
5847,R09013
5848,R09015
5849,R09016
5850,R09022
5851,R09026
5852,R09030
5853,R09031
5854,R09036
5855,R09048
5856,R09052
5857,R09053
5858,R09054
5859,R09056
5860,R09067
5861,R09069
5862,R09071
5863,R09074
5864,R09078
5865,R09083
5866,R09090
5867,R09091
5868,R09092
5869,R09095
5870,R09096
5871,R09097
5872,R09102
5873,R09103
5874,R09106
5875,R09108
5876,R09109
5877,R09111
5878,R09120
5879,R09124
5880,R09125
5881,R09129
5882,R09132
5883,R09133
5884,R09139
5885,R09140
5886,R09141
5887,R09148
5888,R09152
5889,R09153
5890,R09161
5891,R09163
5892,R09164
5893,R09165
5894,R09168
5895,R09170
5896,R09173
5897,R09174
5898,R09175
5899,R09181
5900,R09182
5901,R09190
5902,R09191
5903,R09195
5904,R09198
5905,R09200
5906,R09201
5907,R09202
5908,R09206
5909,R09209
5910,R09210
5911,R09218
5912,R09223
5913,R09225
5914,R09230
5915,R09231
5916,R09232
5917,R09233
5918,R09235
5919,R09236
5920,R09238
5921,R09244
5922,R09249
5923,R09253
5924,R09256
5925,R09257
5926,R09259
5927,R09265
5928,R09268
5929,R09271
5930,R09272
5931,R09273
5932,R09276
5933,R09277
5934,R09278
5935,R09281
5936,R09286
5937,R09287
5938,R09289
5939,R09293
5940,R09294
5941,R09295
5942,R09297
5943,R09300
5944,R09302
5945,R09304
5946,R09305
5947,R09306
5948,R09310
5949,R09315
5950,R09316
5951,R09317
5952,R09318
5953,R09319
5954,R09323
5955,R09328
5956,R09331
5957,R09332
5958,R09333
5959,R09336
5960,R09337
5961,R09343
5962,R09347
5963,R09349
5964,R09350
5965,R09351
5966,R09352
5967,R09357
5968,R09362
5969,R09365
5970,R09366
5971,R09367
5972,R09372
5973,R09375
5974,R09377
5975,R09379
5976,R09382
5977,R09386
5978,R09387
5979,R09389
5980,R09396
5981,R09397
5982,R09398
5983,R09400
5984,R09401
5985,R09405
5986,R09406
5987,R09410
5988,R09413
5989,R09418
5990,R09422
5991,R09423
5992,R09425
5993,R09427
5994,R09436
5995,R09437
5996,R09438
5997,R09441
5998,R09442
5999,R09443
6000,R09448
6001,R09450
6002,R09453
6003,R09459
6004,R09461
6005,R09466
6006,R09467
6007,R09470
6008,R09471
6009,R09474
6010,R09475
6011,R09477
6012,R09479
6013,R09481
6014,R09483
6015,R09487
6016,R09488
6017,R09489
6018,R09491
6019,R09492
6020,R09495
6021,R09496
6022,R09497
6023,R09500
6024,R09503
6025,R09505
6026,R09508
6027,R09510
6028,R09512
6029,R09515
6030,R09517
6031,R09522
6032,R09523
6033,R09526
6034,R09530
6035,R09532
6036,R09535
6037,R09539
6038,R09540
6039,R09541
6040,R09542
6041,R09545
6042,R09547
6043,R09549
6044,R09550
6045,R09551
6046,R09553
6047,R09555
6048,R09562
6049,R09568
6050,R09570
6051,R09580
6052,R09585
6053,R09586
6054,R09587
6055,R09589
6056,R09593
6057,R09595
6058,R09602
6059,R09603
6060,R09605
6061,R09610
6062,R09612
6063,R09616
6064,R09617
6065,R09619
6066,R09622
6067,R09623
6068,R09625
6069,R09626
6070,R09627
6071,R09629
6072,R09631
6073,R09634
6074,R09638
6075,R09639
6076,R09642
6077,R09643
6078,R09645
6079,R09652
6080,R09653
6081,R09656
6082,R09659
6083,R09662
6084,R09664
6085,R09665
6086,R09667
6087,R09670
6088,R09673
6089,R09678
6090,R09680
6091,R09684
6092,R09690
6093,R09693
6094,R09694
6095,R09701
6096,R09703
6097,R09704
6098,R09705
6099,R09712
6100,R09714
6101,R09719
6102,R09722
6103,R09732
6104,R09733
6105,R09744
6106,R09745
6107,R09752
6108,R09762
6109,R09763
6110,R09764
6111,R09765
6112,R09767
6113,R09773
6114,R09776
6115,R09777
6116,R09778
6117,R09796
6118,R09798
6119,R09799
6120,R09809
6121,R09810
6122,R09812
6123,R09814
6124,R09823
6125,R09841
6126,R09848
6127,R09851
6128,R09852
6129,R09858
6130,R09868
6131,R09870
6132,R09882
6133,R09889
6134,R09893
6135,R09894
6136,R09896
6137,R09899
6138,R09906
6139,R09912
6140,R09920
6141,R09926
6142,R09929
6143,R09938
6144,R09939
6145,R09940
6146,R09943
6147,R09945
6148,R09951
6149,R09955
6150,R09964
6151,R09972
6152,R09974
6153,R09979
6154,R09982
6155,R09987
6156,R09989
6157,R09992
6158,R09993
6159,R09995
6160,R09996
6161,R09998
6162,R10001
6163,R10002
6164,R10008
6165,R10009
6166,R10012
6167,R10015
6168,R10016
6169,R10017
6170,R10026
6171,R10032
6172,R10034
6173,R10043
6174,R10044
6175,R10047
6176,R10057
6177,R10058
6178,R10059
6179,R10063
6180,R10066
6181,R10069
6182,R10071
6183,R10076
6184,R10082
6185,R10083
6186,R10085
6187,R10086
6188,R10091
6189,R10097
6190,R10102
6191,R10108
6192,R10113
6193,R10119
6194,R10120
6195,R10121
6196,R10122
6197,R10124
6198,R10125
6199,R10132
6200,R10134
6201,R10142
6202,R10144
6203,R10159
6204,R10163
6205,R10164
6206,R10165
6207,R10169
6208,R10172
6209,R10180
6210,R10182
6211,R10183
6212,R10190
6213,R10191
6214,R10197
6215,R10198
6216,R10200
6217,R10205
6218,R10209
6219,R10210
6220,R10213
6221,R10214
6222,R10216
6223,R10221
6224,R10222
6225,R10228
6226,R10229
6227,R10231
6228,R10232
6229,R10233
6230,R10240
6231,R10243
6232,R10246
6233,R10248
6234,R10254
6235,R10256
6236,R10258
6237,R10263
6238,R10265
6239,R10266
6240,R10267
6241,R10269
6242,R10270
6243,R10273
6244,R10276
6245,R10277
6246,R10280
6247,R10287
6248,R10289
6249,R10291
6250,R10295
6251,R10296
6252,R10301
6253,R10302
6254,R10303
6255,R10307
6256,R10309
6257,R10318
6258,R10322
6259,R10324
6260,R10327
6261,R10330
6262,R10343
6263,R10344
6264,R10355
6265,R10356
6266,R10357
6267,R10359
6268,R10362
6269,R10365
6270,R10372
6271,R10386
6272,R10388
6273,R10391
6274,R10393
6275,R10394
6276,R10396
6277,R10400
6278,R10401
6279,R10403
6280,R10404
6281,R10405
6282,R10411
6283,R10413
6284,R10419
6285,R10423
6286,R10430
6287,R10438
6288,R10446
6289,R10447
6290,R10450
6291,R10453
6292,R10454
6293,R10455
6294,R10459
6295,R10464
6296,R10466
6297,R10473
6298,R10480
6299,R10489
6300,R10498
6301,R10505
6302,R10510
6303,R10511
6304,R10516
6305,R10523
6306,R10524
6307,R10531
6308,R10540
6309,R10544
6310,R10546
6311,R10547
6312,R10557
6313,R10563
6314,R10569
6315,R10571
6316,R10576
6317,R10580
6318,R10582
6319,R10588
6320,R10594
6321,R10599
6322,R10618
6323,R10619
6324,R10627
6325,R10638
6326,R10643
6327,R10644
6328,R10645
6329,R10646
6330,R10652
6331,R10656
6332,R10657
6333,R10661
6334,R10663
6335,R10664
6336,R10666
6337,R10671
6338,R10673
6339,R10679
6340,R10680
6341,R10682
6342,R10692
6343,R10697
6344,R10698
6345,R10702
6346,R10704
6347,R10706
6348,R10709
6349,R10713
6350,R10715
6351,R10724
6352,R10725
6353,R10729
6354,R10730
6355,R10735
6356,R10738
6357,R10750
6358,R10755
6359,R10756
6360,R10757
6361,R10758
6362,R10762
6363,R10764
6364,R10770
6365,R10774
6366,R10781
6367,R10784
6368,R10793
6369,R10794
6370,R10798
6371,R10802
6372,R10803
6373,R10805
6374,R10810
6375,R10811
6376,R10817
6377,R10822
6378,R10826
6379,R10838
6380,R10843
6381,R10850
6382,R10866
6383,R10868
6384,R10873
6385,R10880
6386,R10887
6387,R10890
6388,R10892
6389,R10893
6390,R10895
6391,R10905
6392,R10910
6393,R10913
6394,R10915
6395,R10918
6396,R10919
6397,R10922
6398,R10924
6399,R10938
6400,R10942
6401,R10945
6402,R10946
6403,R10957
6404,R10958
6405,R10963
6406,R10965
6407,R10966
6408,R10968
6409,R10973
6410,R10975
6411,R10987
6412,R10988
6413,R10989
6414,R10992
6415,R10994
6416,R10998
6417,R11003
6418,R11005
6419,R11006
6420,R11012
6421,R11013
6422,R11015
6423,R11017
6424,R11019
6425,R11020
6426,R11022
6427,R11025
6428,R11026
6429,R11028
6430,R11031
6431,R11032
6432,R11034
6433,R11036
6434,R11039
6435,R11041
6436,R11043
6437,R11048
6438,R11050
6439,R11052
6440,R11063
6441,R11067
6442,R11071
6443,R11073
6444,R11075
6445,R11084
6446,R11087
6447,R11091
6448,R11098
6449,R11099
6450,R11100
6451,R11106
6452,R11110
6453,R11111
6454,R11112
6455,R11118
6456,R11122
6457,R11123
6458,R11128
6459,R11130
6460,R11142
6461,R11146
6462,R11147
6463,R11153
6464,R11154
6465,R11157
6466,R11164
6467,R11166
6468,R11168
6469,R11171
6470,R11172
6471,R11173
6472,R11178
6473,R11179
6474,R11183
6475,R11186
6476,R11195
6477,R11204
6478,R11206
6479,R11212
6480,R11214
6481,R11222
6482,R11223
6483,R11226
6484,R11235
6485,R11237
6486,R11240
6487,R11243
6488,R11244
6489,R11245
6490,R11248
6491,R11252
6492,R11254
6493,R11256
6494,R11261
6495,R11264
6496,R11269
6497,R11270
6498,R11283
6499,R11294
6500,R11300
6501,R11302
6502,R11318
6503,R11322
6504,R11324
6505,R11325
6506,R11342
6507,R11353
6508,R11358
6509,R11365
6510,R11367
6511,R11370
6512,R11371
6513,R11372
6514,R11374
6515,R11376
6516,R11381
6517,R11386
6518,R11395
6519,R11401
6520,R11412
6521,R11415
6522,R11428
6523,R11442
6524,R11445
6525,R11450
6526,R11454
6527,R11458
6528,R11460
6529,R11465
6530,R11472
6531,R11475
6532,R11476
6533,R11486
6534,R11487
6535,R11488
6536,R11495
6537,R11515
6538,R11520
6539,R11530
6540,R11531
6541,R11532
6542,R11542
6543,R11551
6544,R11562
6545,R11566
6546,R11579
6547,R11582
6548,R11588
6549,R11592
6550,R11597
6551,R11599
6552,R11608
6553,R11612
6554,R11616
6555,R11620
6556,R11624
6557,R11626
6558,R11629
6559,R11630
6560,R11648
6561,R11665
6562,R11668
6563,R11670
6564,R11684
6565,R11686
6566,R11694
6567,R11705
6568,R11706
6569,R11713
6570,R11721
6571,R11737
6572,R11742
6573,R11746
6574,R11752
6575,R11753
6576,R11756
6577,R11763
6578,R11767
6579,R11769
6580,R11771
6581,R11786
6582,R11787
6583,R11799
6584,R11825
6585,R11829
6586,R11830
6587,R11831
6588,R11836
6589,R11838
6590,R11856
6591,R11859
6592,R11862
6593,R11863
6594,R11869
6595,R11872
6596,R11877
6597,R11883
6598,R11890
6599,R11895
6600,R11897
6601,R11898
6602,R11900
6603,R11902
6604,R11904
6605,R11905
6606,R11909
6607,R11913
6608,R11924
6609,R11925
6610,R11940
6611,R11950
6612,R11962
6613,R11963
6614,R11964
6615,R11977
6616,R11984
6617,R11986
6618,R11988
6619,R11991
6620,R11999
6621,R12017
6622,R12021
6623,R12027
6624,R12028
6625,R12030
6626,R12036
6627,R12037
6628,R12040
6629,R12049
6630,R12055
6631,R12081
6632,R12085
6633,R12100
6634,R12105
6635,R12110
6636,R12114
6637,R12115
6638,R12119
6639,R12121
6640,R12124
6641,R12128
6642,R12129
6643,R12131
6644,R12132
6645,R12133
6646,R12136
6647,R12140
6648,R12141
6649,R12143
6650,R12149
6651,R12158
6652,R12162
6653,R12165
6654,R12170
6655,R12179
6656,R12185
6657,R12193
6658,R12196
6659,R12198
6660,R12200
6661,R12201
6662,R12206
6663,R12208
6664,R12214
6665,R12215
6666,R12221
6667,R12223
6668,R12247
6669,R12250
6670,R12252
6671,R12253
6672,R12254
6673,R12263
6674,R12269
6675,R12277
6676,R12285
6677,R12292
6678,R12305
6679,R12308
6680,R12315
6681,R12320
6682,R12335
6683,R12336
6684,R12347
6685,R12348
6686,R12352
6687,R12360
6688,R12363
6689,R12371
6690,R12374
6691,R12387
6692,R12391
6693,R12392
6694,R12408
6695,R12418
6696,R12424
6697,R12425
6698,R12429
6699,R12433
6700,R12447
6701,R12448
6702,R12453
6703,R12456
6704,R12468
6705,R12473
6706,R12474
6707,R12484
6708,R12487
6709,R12502
6710,R12503
6711,R12512
6712,R12517
6713,R12518
6714,R12523
6715,R12524
6716,R12540
6717,R12541
6718,R12551
6719,R12559
6720,R12560
6721,R12564
6722,R12573
6723,R12578
6724,R12584
6725,R12598
6726,R12604
6727,R12605
6728,R12614
6729,R12618
6730,R12620
6731,R12632
6732,R12635
6733,R12638
6734,R12644
6735,R12650
6736,R12654
6737,R12655
6738,R12660
6739,R12662
6740,R12670
6741,R12671
6742,R12680
6743,R12682
6744,R12686
6745,R12702
6746,R12742
6747,R12752
6748,R12754
6749,R12761
6750,R12766
6751,R12768
6752,R12770
6753,R12774
6754,R12788
6755,R12790
6756,R12829
6757,R12853
6758,R12860
6759,R12864
6760,R12870
6761,R12873
6762,R12874
6763,R12876
6764,R12880
6765,R12887
6766,R12890
6767,R12902
6768,R12908
6769,R12909
6770,R12935
6771,R12943
6772,R12947
6773,R12950
6774,R12961
6775,R12963
6776,R12965
6777,R12966
6778,R12969
6779,R13014
6780,R13028
6781,R13036
6782,R13037
6783,R13052
6784,R13054
6785,R13060
6786,R13061
6787,R13076
6788,R13086
6789,R13087
6790,R13091
6791,R13107
6792,R13118
6793,R13123
6794,R13126
6795,R13128
6796,R13150
6797,R13200
6798,R13208
6799,R13210
6800,R13221
6801,R13242
6802,R13243
6803,R13271
6804,R13277
6805,R13287
6806,R13289
6807,R13329
6808,R13339
6809,R13345
6810,R13361
6811,R13366
6812,R13368
6813,R13377
6814,R13386
6815,R13392
6816,R13406
6817,R13410
6818,R13426
6819,R13442
6820,R13445
6821,R13486
6822,R13487
6823,R13499
6824,R13508
6825,R13525
6826,R13543
6827,R13554
6828,R13559
6829,R13573
6830,R13589
6831,R13602
6832,R13607
6833,R13623
6834,R13661
6835,R13663
6836,R13696
6837,R13697
6838,R13705
6839,R13717
6840,R13727
6841,R13739
6842,R13741
6843,R13754
6844,R13784
6845,R13814
6846,R13826
6847,R13830
6848,R13831
6849,R13834
6850,R13855
6851,R13862
6852,R13865
6853,R13887
6854,R13894
6855,R13928
6856,R13956
6857,R13962
6858,R13965
6859,R13994
6860,R14015
6861,R14019
6862,R14026
6863,R14030
6864,R14038
6865,R14045
6866,R14073
6867,R14107
6868,R14165
6869,R14167
6870,R14211
