ingredient_id,canonical_name,display_name,ingredient_form,category,cnf_food_code,cnf_food_name,cnf_food_form,cnf_food_description,match_method,match_score,curation_status,curation_reason,curation_source,recipe_form_evidence,review_notes
ING00001,ajwain,Ajwain,default,spice,,,,,NO_MATCH,0.0,NO_MATCH,No suitable CNF 2026 record found; retained as NO_MATCH rather than forcing an unrelated food.,CNF_2026_manual_rule_curation,raw=0;dry=0;cooked=1;boiled=0;unspecified=243,No plausible CNF candidate met the deterministic or fuzzy review thresholds.
ING00002,almond,Almond,default,nut,2534,"Nuts, almonds, dried, unblanched, unroasted",dried,,TOKEN_MATCH,0.64,APPROVED,"Plain whole unroasted dried almond record selected over roasted nuts, nut butter, and almond meal.",CNF_2026_manual_rule_curation,raw=0;dry=0;cooked=8;boiled=3;unspecified=245,Lexical candidate only; human confirmation required.
ING00003,amchur,Amchur,default,spice,,,,,NO_MATCH,0.0,NO_MATCH,No suitable CNF 2026 record found; retained as NO_MATCH rather than forcing an unrelated food.,CNF_2026_manual_rule_curation,raw=1;dry=208;cooked=0;boiled=0;unspecified=3,No plausible CNF candidate met the deterministic or fuzzy review thresholds.
ING00004,asafoetida,Asafoetida,default,spice,,,,,NO_MATCH,0.0,NO_MATCH,No suitable CNF 2026 record found; retained as NO_MATCH rather than forcing an unrelated food.,CNF_2026_manual_rule_curation,raw=0;dry=0;cooked=0;boiled=0;unspecified=1149,No plausible CNF candidate met the deterministic or fuzzy review thresholds.
ING00005,baking powder,Baking Powder,default,baking,4003,"Leavening agent, baking powder, double acting, phosphate",powder,,TOKEN_MATCH,0.6786,APPROVED,Standard double-acting leavening baking powder record selected.,CNF_2026_manual_rule_curation,raw=0;dry=0;cooked=0;boiled=0;unspecified=271,Lexical candidate only; human confirmation required.
ING00006,baking soda,Baking Soda,default,baking,4005,"Leavening agent, baking soda",unspecified_in_description,,TOKEN_MATCH,0.775,APPROVED,Direct CNF leavening agent match for baking soda.,CNF_2026_manual_rule_curation,raw=0;dry=0;cooked=0;boiled=0;unspecified=163,Lexical candidate only; human confirmation required.
ING00007,banana,Banana,default,fruit,1704,"Banana, raw",raw,,TOKEN_MATCH,1.0,APPROVED,Direct CNF food identity match with compatible default raw fruit form.,CNF_2026_manual_rule_curation,raw=1;dry=0;cooked=1;boiled=0;unspecified=113,Lexical candidate only; human confirmation required. Alias evidence came from a VALID prior mapping row.
ING00008,basil,Basil,default,herb,212,"Spices, basil, fresh",fresh,,TOKEN_MATCH,0.7,APPROVED,Fresh culinary herb record selected for default culinary basil.,CNF_2026_manual_rule_curation,raw=0;dry=3;cooked=1;boiled=0;unspecified=166,Lexical candidate only; human confirmation required.
ING00009,bay leaf,Bay Leaf,default,other,172,"Spices, bay leaf",leaf,,TOKEN_MATCH,0.85,APPROVED,Direct CNF spice leaf record match for culinary bay leaf.,CNF_2026_manual_rule_curation,raw=0;dry=1;cooked=0;boiled=0;unspecified=492,Lexical candidate only; human confirmation required.
ING00010,black pepper,Black Pepper Powder,powder,spice,198,"Spices, pepper, black",unspecified_in_description,,TOKEN_MATCH,0.85,APPROVED,Standard black pepper spice record selected for black pepper powder.,CNF_2026_manual_rule_curation,raw=0;dry=0;cooked=0;boiled=0;unspecified=907,Lexical candidate only; human confirmation required.
ING00011,black pepper,Whole Black Peppercorns,whole,spice,198,"Spices, pepper, black",unspecified_in_description,,TOKEN_MATCH,0.85,APPROVED,Standard black pepper spice record selected for whole black peppercorns.,CNF_2026_manual_rule_curation,raw=0;dry=0;cooked=1;boiled=0;unspecified=520,Lexical candidate only; human confirmation required.
ING00012,brinjal,Brinjal,default,vegetable,,,,,NO_MATCH,0.0,NO_MATCH,No suitable CNF 2026 record found; retained as NO_MATCH rather than forcing an unrelated food.,CNF_2026_manual_rule_curation,raw=0;dry=0;cooked=0;boiled=0;unspecified=103,No plausible CNF candidate met the deterministic or fuzzy review thresholds.
ING00013,broccoli,Broccoli,default,vegetable,2374,"Broccoli, raw",raw,,TOKEN_MATCH,0.775,APPROVED,Standard raw whole vegetable record selected for default fresh broccoli.,CNF_2026_manual_rule_curation,raw=0;dry=0;cooked=1;boiled=0;unspecified=132,Lexical candidate only; human confirmation required.
ING00014,brown sugar,Brown Sugar,default,sweetener,4317,"Sweets, sugars, brown",unspecified_in_description,,CNF_RULE_CURATION,0.95,APPROVED,Candidate set was insufficient (contained only artificial substitutes and pastries); genuine CNF brown sugar record selected.,CNF_2026_manual_rule_curation,raw=0;dry=0;cooked=0;boiled=0;unspecified=143,Lexical candidate only; human confirmation required.
ING00015,butter,Butter,default,dairy,118,"Butter, regular",regular,,TOKEN_MATCH,0.775,APPROVED,Standard commercial regular butter record selected for generic culinary butter.,CNF_2026_manual_rule_curation,raw=0;dry=0;cooked=0;boiled=0;unspecified=766,Lexical candidate only; human confirmation required.
ING00016,button mushroom,Button Mushroom,default,other,,,,,NO_MATCH,0.0,NO_MATCH,No suitable CNF 2026 record found; retained as NO_MATCH rather than forcing an unrelated food.,CNF_2026_manual_rule_curation,raw=0;dry=0;cooked=0;boiled=0;unspecified=201,No plausible CNF candidate met the deterministic or fuzzy review thresholds.
ING00017,cabbage,Cabbage,default,vegetable,2361,"Cabbage, raw",raw,,TOKEN_MATCH,0.775,APPROVED,Standard raw fresh vegetable record selected over processed kimchi.,CNF_2026_manual_rule_curation,raw=0;dry=0;cooked=1;boiled=0;unspecified=152,Lexical candidate only; human confirmation required.
ING00018,cardamom,Cardamom Pods,pod,spice,174,"Spices, cardamom, ground",ground,,TOKEN_MATCH;FORM_CONFLICT,0.58,NEEDS_REVIEW,"Canonical ingredient specifies whole cardamom pods, but CNF 2026 only provides ground cardamom; requires review to confirm proxying.",CNF_2026_manual_rule_curation,raw=0;dry=0;cooked=0;boiled=0;unspecified=436,Lexical candidate only; human confirmation required.
ING00019,cardamom,Cardamom Powder,powder,spice,174,"Spices, cardamom, ground",ground,,TOKEN_MATCH;FORM_MATCH,0.89,APPROVED,Direct ground spice record match for cardamom powder.,CNF_2026_manual_rule_curation,raw=0;dry=0;cooked=0;boiled=0;unspecified=326,Lexical candidate only; human confirmation required.
ING00020,carrot,Carrot,default,vegetable,2380,"Carrot, raw",raw,,TOKEN_MATCH,0.775,APPROVED,Standard raw whole vegetable record selected for default fresh carrot.,CNF_2026_manual_rule_curation,raw=0;dry=0;cooked=3;boiled=2;unspecified=603,Lexical candidate only; human confirmation required.
ING00021,cashew,Cashew,default,nut,5709,"Nuts, cashew nuts, raw",raw,,TOKEN_MATCH,0.85,APPROVED,Standard raw plain cashew nut record selected over nut butter and roasted nuts.,CNF_2026_manual_rule_curation,raw=0;dry=0;cooked=8;boiled=1;unspecified=325,Lexical candidate only; human confirmation required. Alias evidence came from a VALID prior mapping row.
ING00022,cauliflower,Cauliflower,default,vegetable,2385,"Cauliflower, raw",raw,,TOKEN_MATCH,0.775,APPROVED,Standard raw whole vegetable record selected for default fresh cauliflower.,CNF_2026_manual_rule_curation,raw=0;dry=0;cooked=1;boiled=0;unspecified=127,Lexical candidate only; human confirmation required.
ING00023,chaat masala,Chaat Masala,default,spice,,,,,NO_MATCH,0.0,NO_MATCH,No suitable CNF 2026 record found; retained as NO_MATCH rather than forcing an unrelated food.,CNF_2026_manual_rule_curation,raw=0;dry=0;cooked=0;boiled=0;unspecified=0,No plausible CNF candidate met the deterministic or fuzzy review thresholds.
ING00024,chaat masala,Chaat Masala Powder,powder,spice,,,,,NO_MATCH,0.0,NO_MATCH,No suitable CNF 2026 record found; retained as NO_MATCH rather than forcing an unrelated food.,CNF_2026_manual_rule_curation,raw=0;dry=0;cooked=0;boiled=0;unspecified=232,No plausible CNF candidate met the deterministic or fuzzy review thresholds.
ING00025,chana dal,Chana Dal,default,pulse,,,,,NO_MATCH,0.0,NO_MATCH,No suitable CNF 2026 record found; retained as NO_MATCH rather than forcing an unrelated food.,CNF_2026_manual_rule_curation,raw=0;dry=0;cooked=10;boiled=1;unspecified=312,No plausible CNF candidate met the deterministic or fuzzy review thresholds.
ING00026,cheese,Cheese,default,dairy,,,,,NO_MATCH,0.0,NEEDS_REVIEW,"Candidate set contains only specialized cheeses (asiago, blue, brie, etc.) with no defensible generic cheese choice; flagged for review.",CNF_2026_manual_rule_curation,raw=0;dry=0;cooked=0;boiled=0;unspecified=95,Lexical candidate only; human confirmation required.
ING00027,chicken,Chicken,default,meat,565,"Chicken, broiler, meat only, raw",raw,,CNF_RULE_CURATION,0.90,APPROVED,Candidate review set contained only giblets/feet; standard raw whole broiler chicken meat record selected from CNF.,CNF_2026_manual_rule_curation,raw=0;dry=0;cooked=1;boiled=3;unspecified=261,Lexical candidate only; human confirmation required.
ING00028,chickpea,Chickpea (Kabuli),kabuli,pulse,3389,"Chickpeas (garbanzo beans, bengal gram), mature seeds, dry",dry;seeds;mature,,TOKEN_MATCH;FORM_MATCH,0.7025,APPROVED,"Canonical ingredient is whole kabuli chickpea; dry mature seed record selected over boiled, canned, and flour forms.",CNF_2026_manual_rule_curation,raw=1;dry=0;cooked=21;boiled=16;unspecified=47,Lexical candidate only; human confirmation required. Ranked ahead as a dry/raw candidate because most recipe entries are unqualified; review required.
ING00029,cinnamon,Cinnamon Powder,powder,spice,178,"Spices, cinnamon, ground",ground,,TOKEN_MATCH;FORM_MATCH,0.89,APPROVED,Direct ground spice record match for cinnamon powder.,CNF_2026_manual_rule_curation,raw=0;dry=0;cooked=0;boiled=0;unspecified=202,Lexical candidate only; human confirmation required.
ING00030,cinnamon,Cinnamon Stick,stick,spice,178,"Spices, cinnamon, ground",ground,,TOKEN_MATCH;FORM_CONFLICT,0.58,NEEDS_REVIEW,"Canonical ingredient is whole cinnamon stick, but CNF 2026 only provides ground cinnamon; requires review to confirm proxying.",CNF_2026_manual_rule_curation,raw=0;dry=0;cooked=0;boiled=0;unspecified=596,Lexical candidate only; human confirmation required.
ING00031,cocoa,Cocoa (Powder),powder,baking,4223,"Sweets, cocoa, powder, unsweetened",powder,,CNF_RULE_CURATION,0.95,APPROVED,Candidate review set contained sweetened mocha mix; genuine unsweetened baking cocoa powder record selected from CNF.,CNF_2026_manual_rule_curation,raw=0;dry=0;cooked=0;boiled=0;unspecified=103,Lexical candidate only; human confirmation required.
ING00032,coconut,Coconut,default,fruit,2558,"Coconut meat, raw",raw,,TOKEN_MATCH,0.7,APPROVED,Standard raw coconut meat record selected for default fresh coconut.,CNF_2026_manual_rule_curation,raw=0;dry=0;cooked=0;boiled=0;unspecified=81,Lexical candidate only; human confirmation required.
ING00033,coconut,Desiccated Coconut,desiccated,fruit,2559,"Coconut meat, desiccated, unsweetened",desiccated,,TOKEN_MATCH;FORM_MATCH,0.815,APPROVED,Plain unsweetened desiccated coconut meat record selected.,CNF_2026_manual_rule_curation,raw=0;dry=1;cooked=2;boiled=0;unspecified=76,Lexical candidate only; human confirmation required.
ING00034,coconut,Fresh Coconut,fresh,fruit,2558,"Coconut meat, raw",raw,,TOKEN_MATCH,0.58,APPROVED,Standard raw fresh coconut meat record selected.,CNF_2026_manual_rule_curation,raw=0;dry=4;cooked=3;boiled=0;unspecified=685,Lexical candidate only; human confirmation required.
ING00035,coconut,Coconut Milk,milk,dairy,2565,"Coconut milk (liquid from grated meat and water), canned",canned,,TOKEN_MATCH;FORM_MATCH,0.69,APPROVED,Standard culinary canned liquid coconut milk record selected.,CNF_2026_manual_rule_curation,raw=0;dry=0;cooked=0;boiled=0;unspecified=216,Lexical candidate only; human confirmation required.
ING00036,coconut oil,Coconut Oil,default,oil,420,"Vegetable oil, coconut",oil,,TOKEN_MATCH,0.85,APPROVED,Direct CNF vegetable oil record match for coconut oil.,CNF_2026_manual_rule_curation,raw=0;dry=0;cooked=0;boiled=0;unspecified=188,Lexical candidate only; human confirmation required.
ING00037,cooking oil,Cooking Oil,default,oil,451,"Vegetable oil, canola",oil,,TOKEN_MATCH,0.7,APPROVED,Standard neutral commercial cooking vegetable oil (canola) record selected from candidate set.,CNF_2026_manual_rule_curation,raw=0;dry=0;cooked=0;boiled=0;unspecified=566,Lexical candidate only; human confirmation required.
ING00038,coriander,Coriander Leaves,leaf,herb,2067,"Coriander (cilantro), raw",raw,,TOKEN_MATCH,0.58,APPROVED,Raw fresh cilantro/coriander leaf record selected for fresh culinary coriander leaves.,CNF_2026_manual_rule_curation,raw=0;dry=0;cooked=0;boiled=0;unspecified=1792,Lexical candidate only; human confirmation required.
ING00039,coriander,Coriander Powder,powder,spice,181,"Spices, coriander seed (cilantro)",seed,,TOKEN_MATCH;FORM_CONFLICT,0.5425,NEEDS_REVIEW,"Canonical ingredient is coriander powder, but CNF 2026 lacks a ground coriander powder record; seed record flagged for review.",CNF_2026_manual_rule_curation,raw=0;dry=0;cooked=5;boiled=0;unspecified=1007,Lexical candidate only; human confirmation required.
ING00040,coriander,Coriander Seeds,seed,spice,181,"Spices, coriander seed (cilantro)",seed,,TOKEN_MATCH;FORM_MATCH,0.815,APPROVED,Direct seed spice record match for coriander seeds.,CNF_2026_manual_rule_curation,raw=0;dry=0;cooked=9;boiled=0;unspecified=341,Lexical candidate only; human confirmation required.
ING00041,corn,Corn Flour,flour,flour,4417,"Grains, corn flour, yellow, whole grain",flour;whole;yellow,,TOKEN_MATCH;FORM_MATCH,0.77,APPROVED,Standard yellow whole grain corn flour record selected.,CNF_2026_manual_rule_curation,raw=0;dry=0;cooked=0;boiled=0;unspecified=210,Lexical candidate only; human confirmation required.
ING00042,cream,Fresh Cream,fresh,dairy,136,"Cream, table (coffee), 18% M.F.",unspecified_in_description,,TOKEN_MATCH,0.625,APPROVED,Standard fluid table/cooking sweet cream (18% M.F.) selected over cultured sour cream.,CNF_2026_manual_rule_curation,raw=0;dry=0;cooked=0;boiled=0;unspecified=273,Lexical candidate only; human confirmation required.
ING00043,cucumber,Cucumber,default,vegetable,2363,"Cucumber, raw",raw,,TOKEN_MATCH,0.775,APPROVED,Standard raw whole vegetable record selected for default cucumber.,CNF_2026_manual_rule_curation,raw=0;dry=0;cooked=0;boiled=0;unspecified=126,Lexical candidate only; human confirmation required.
ING00044,cumin,Cumin,default,spice,182,"Spices, cumin seed",seed,,TOKEN_MATCH,0.7,APPROVED,Direct spice seed record match for default culinary cumin.,CNF_2026_manual_rule_curation,raw=0;dry=0;cooked=0;boiled=0;unspecified=276,Lexical candidate only; human confirmation required.
ING00045,cumin,Cumin Powder,powder,spice,182,"Spices, cumin seed",seed,,TOKEN_MATCH;FORM_CONFLICT,0.58,NEEDS_REVIEW,"Canonical ingredient specifies cumin powder, but CNF 2026 only contains cumin seed; requires review to confirm proxying.",CNF_2026_manual_rule_curation,raw=0;dry=0;cooked=35;boiled=0;unspecified=798,Lexical candidate only; human confirmation required.
ING00046,cumin,Cumin Seeds,seed,spice,182,"Spices, cumin seed",seed,,TOKEN_MATCH;FORM_MATCH,0.89,APPROVED,Direct spice seed record match for cumin seeds.,CNF_2026_manual_rule_curation,raw=0;dry=1;cooked=21;boiled=0;unspecified=1540,Lexical candidate only; human confirmation required.
ING00047,curd,Curd,default,dairy,,,,,NO_MATCH,0.0,NO_MATCH,No suitable CNF 2026 record found; retained as NO_MATCH rather than forcing an unrelated food.,CNF_2026_manual_rule_curation,raw=0;dry=0;cooked=0;boiled=0;unspecified=613,No plausible CNF candidate met the deterministic or fuzzy review thresholds.
ING00048,curd,Curd (Hung),hung,dairy,,,,,NO_MATCH,0.0,NO_MATCH,No suitable CNF 2026 record found; retained as NO_MATCH rather than forcing an unrelated food.,CNF_2026_manual_rule_curation,raw=0;dry=0;cooked=0;boiled=0;unspecified=163,No plausible CNF candidate met the deterministic or fuzzy review thresholds.
ING00049,curry leaf,Curry Leaf,default,herb,,,,,NO_MATCH,0.0,NO_MATCH,No suitable CNF 2026 record found; retained as NO_MATCH rather than forcing an unrelated food.,CNF_2026_manual_rule_curation,raw=0;dry=2;cooked=1;boiled=0;unspecified=1356,No plausible CNF candidate met the deterministic or fuzzy review thresholds.
ING00050,date,Date,default,fruit,1710,"Date, domestic, natural and dry",dry,,TOKEN_MATCH,0.64,APPROVED,Standard domestic natural dry date record selected for generic dates.,CNF_2026_manual_rule_curation,raw=0;dry=1;cooked=0;boiled=0;unspecified=78,Lexical candidate only; human confirmation required.
ING00051,dry red chilli,Dry Red Chilli,default,other,2355,"Pepper, hot chili, red, sun-dried",dried,,CNF_RULE_CURATION,0.90,APPROVED,Candidate review set contained an invalid pulse match; genuine sun-dried red chili record selected from CNF.,CNF_2026_manual_rule_curation,raw=0;dry=688;cooked=1;boiled=0;unspecified=0,Lexical candidate only; human confirmation required.
ING00052,egg,Egg,default,egg,125,"Egg, chicken, whole, fresh or frozen, raw",raw;frozen,,CNF_RULE_CURATION,0.95,APPROVED,Standard raw whole chicken egg record selected over composite egg dishes.,CNF_2026_manual_rule_curation,raw=0;dry=0;cooked=1;boiled=50;unspecified=436,Lexical candidate only; human confirmation required.
ING00053,fennel,Fennel,default,spice,186,"Spices, fennel seed",seed,,TOKEN_MATCH,0.7,APPROVED,Culinary spice seed record selected for default culinary fennel.,CNF_2026_manual_rule_curation,raw=0;dry=0;cooked=0;boiled=0;unspecified=66,Lexical candidate only; human confirmation required.
ING00054,fennel,Fennel Seeds,seed,spice,186,"Spices, fennel seed",seed,,TOKEN_MATCH;FORM_MATCH,0.89,APPROVED,Direct spice seed record match for fennel seeds.,CNF_2026_manual_rule_curation,raw=0;dry=0;cooked=9;boiled=0;unspecified=341,Lexical candidate only; human confirmation required.
ING00055,fenugreek,Fenugreek Seeds,seed,spice,187,"Spices, fenugreek seed",seed,,TOKEN_MATCH;FORM_MATCH,0.89,APPROVED,Direct spice seed record match for fenugreek seeds.,CNF_2026_manual_rule_curation,raw=0;dry=0;cooked=3;boiled=0;unspecified=365,Lexical candidate only; human confirmation required.
ING00056,fenugreek leaves,Fenugreek Leaves,default,herb,,,,,NO_MATCH,0.0,NO_MATCH,No suitable CNF 2026 record found; retained as NO_MATCH rather than forcing an unrelated food.,CNF_2026_manual_rule_curation,raw=0;dry=136;cooked=1;boiled=0;unspecified=13,No plausible CNF candidate met the deterministic or fuzzy review thresholds.
ING00057,fenugreek leaves,Fenugreek Leaves (Fresh),fresh,herb,,,,,NO_MATCH,0.0,NO_MATCH,"Candidate review file suggested unrelated amaranth leaves; CNF 2026 lacks fenugreek leaves, retained as NO_MATCH.",CNF_2026_manual_rule_curation,raw=0;dry=0;cooked=0;boiled=0;unspecified=103,Lexical candidate only; human confirmation required.
ING00058,garam masala,Garam Masala Powder,powder,spice,,,,,NO_MATCH,0.0,NO_MATCH,No suitable CNF 2026 record found; retained as NO_MATCH rather than forcing an unrelated food.,CNF_2026_manual_rule_curation,raw=0;dry=0;cooked=0;boiled=0;unspecified=978,No plausible CNF candidate met the deterministic or fuzzy review thresholds.
ING00059,garlic,Garlic,default,vegetable,2394,"Garlic, raw",raw,,TOKEN_MATCH,0.775,APPROVED,Standard raw whole vegetable record selected over garlic powder.,CNF_2026_manual_rule_curation,raw=0;dry=0;cooked=3;boiled=0;unspecified=2042,Lexical candidate only; human confirmation required.
ING00060,ghee,Ghee,default,dairy,7829,"Butter, Clarified butter (ghee)",unspecified_in_description,,ALIAS_MATCH,0.96,APPROVED,Direct CNF clarified butter (ghee) record match.,CNF_2026_manual_rule_curation,raw=0;dry=0;cooked=1;boiled=0;unspecified=1047,Strong name/alias candidate only; not an approved mapping.
ING00061,ginger,Ginger,default,root,2091,"Ginger root, raw",raw,,TOKEN_MATCH,0.7,APPROVED,Standard raw root vegetable record selected over ground ginger and pickled ginger.,CNF_2026_manual_rule_curation,raw=0;dry=0;cooked=0;boiled=0;unspecified=1624,Lexical candidate only; human confirmation required.
ING00062,ginger garlic,Ginger Garlic Paste,paste,paste,,,,,NO_MATCH,0.0,NO_MATCH,No suitable CNF 2026 record found; retained as NO_MATCH rather than forcing an unrelated food.,CNF_2026_manual_rule_curation,raw=0;dry=0;cooked=0;boiled=0;unspecified=348,No plausible CNF candidate met the deterministic or fuzzy review thresholds.
ING00063,green beans,Green Beans,default,vegetable,2370,"Beans, snap (Italian, green or yellow), raw",raw,,CNF_RULE_CURATION,0.90,APPROVED,Candidate review file offered winged beans; genuine raw snap green bean record selected from CNF.,CNF_2026_manual_rule_curation,raw=0;dry=0;cooked=4;boiled=0;unspecified=187,Lexical candidate only; human confirmation required.
ING00064,green bell pepper,Green Bell Pepper,default,vegetable,2413,"Pepper, sweet, green, raw",raw;green,,TOKEN_MATCH,0.5467,APPROVED,Standard raw whole sweet green pepper record selected.,CNF_2026_manual_rule_curation,raw=0;dry=0;cooked=2;boiled=0;unspecified=312,Lexical candidate only; human confirmation required.
ING00065,green chilli,Green Chilli,default,other,2322,"Pepper, hot chili, red or green, raw",raw;green,,TOKEN_MATCH,0.6786,APPROVED,Standard raw fresh hot green chili record selected over canned chili.,CNF_2026_manual_rule_curation,raw=0;dry=3;cooked=1;boiled=0;unspecified=2252,Lexical candidate only; human confirmation required.
ING00066,green peas,Fresh Green Peas,fresh,vegetable,2409,"Peas, green, raw",raw;green,,TOKEN_MATCH;FORM_CONFLICT,0.73,APPROVED,Standard fresh raw green pea record selected over boiled and canned peas.,CNF_2026_manual_rule_curation,raw=0;dry=0;cooked=49;boiled=22;unspecified=209,Lexical candidate only; human confirmation required. Alias evidence came from a VALID prior mapping row.
ING00067,honey,Honey,default,sweetener,,,,,NO_MATCH,0.0,NO_MATCH,No suitable CNF 2026 record found; retained as NO_MATCH rather than forcing an unrelated food.,CNF_2026_manual_rule_curation,raw=1;dry=0;cooked=0;boiled=0;unspecified=312,No plausible CNF candidate met the deterministic or fuzzy review thresholds.
ING00068,jaggery,Jaggery,default,sweetener,,,,,NO_MATCH,0.0,NO_MATCH,No suitable CNF 2026 record found; retained as NO_MATCH rather than forcing an unrelated food.,CNF_2026_manual_rule_curation,raw=0;dry=0;cooked=0;boiled=0;unspecified=452,No plausible CNF candidate met the deterministic or fuzzy review thresholds.
ING00069,kashmiri red chilli,Kashmiri Red Chilli Powder,powder,spice,177,"Spices, chili powder",powder,,TOKEN_MATCH;FORM_CONFLICT,0.3592,NEEDS_REVIEW,Kashmiri red chilli is a mild red chili powder; mapped to generic chili powder pending review of spice potency.,CNF_2026_manual_rule_curation,raw=0;dry=1;cooked=0;boiled=0;unspecified=174,Lexical candidate only; human confirmation required.
ING00070,lemon,Lemon,default,fruit,1587,"Lemon, raw, without peel",raw,,TOKEN_MATCH,0.6625,APPROVED,"Standard raw whole fruit record selected over peel, juice, and composite dishes.",CNF_2026_manual_rule_curation,raw=0;dry=0;cooked=0;boiled=0;unspecified=174,Lexical candidate only; human confirmation required.
ING00071,lemon juice,Lemon Juice,default,fruit,1589,"Lemon juice, raw",raw;juice,,TOKEN_MATCH,0.85,APPROVED,Standard fresh raw lemon juice record selected over canned and frozen juice.,CNF_2026_manual_rule_curation,raw=0;dry=0;cooked=0;boiled=0;unspecified=867,Lexical candidate only; human confirmation required.
ING00072,mango,Mango,default,fruit,1603,"Mango, raw",raw,,TOKEN_MATCH,1.0,APPROVED,Direct CNF raw fruit match for fresh mango.,CNF_2026_manual_rule_curation,raw=90;dry=0;cooked=0;boiled=0;unspecified=76,Lexical candidate only; human confirmation required. Alias evidence came from a VALID prior mapping row.
ING00073,milk,Milk,default,dairy,61,"Milk, fluid, partly skimmed, 2% M.F.",unspecified_in_description,"Neilson, Dairyland, Quebon, Beatrice, Sealtest, Natrel, Lactantia, Baxter, Scotsburn, Farmers, Lucerne, Foremost, Macs",TOKEN_MATCH,0.6143,NEEDS_REVIEW,Generic milk requires decision between standard whole fluid milk and partly skimmed 2% milk from candidate set; flagged for review.,CNF_2026_manual_rule_curation,raw=0;dry=0;cooked=0;boiled=3;unspecified=682,Lexical candidate only; human confirmation required.
ING00074,mint leaf,Mint Leaf,default,herb,,,,,NO_MATCH,0.0,NO_MATCH,No suitable CNF 2026 record found; retained as NO_MATCH rather than forcing an unrelated food.,CNF_2026_manual_rule_curation,raw=0;dry=5;cooked=0;boiled=0;unspecified=368,No plausible CNF candidate met the deterministic or fuzzy review thresholds.
ING00075,moong dal,Moong Dal,default,pulse,3297,"Beans, legumes, mung (green gram), mature seeds, dry",dry;seeds;mature,,TOKEN_MATCH,1.0,APPROVED,Dry mature mung seed record selected over boiled seeds and bean sprouts.,CNF_2026_manual_rule_curation,raw=0;dry=0;cooked=5;boiled=1;unspecified=139,Lexical candidate only; human confirmation required. Ranked ahead as a dry/raw candidate because most recipe entries are unqualified; review required.
ING00076,mozzarella,Mozzarella,default,dairy,110,"Cheese, mozzarella/pizza mozzarella (25% M.F.)",unspecified_in_description,,TOKEN_MATCH,0.7,APPROVED,Standard commercial mozzarella cheese record (25% M.F.) selected.,CNF_2026_manual_rule_curation,raw=0;dry=0;cooked=0;boiled=0;unspecified=132,Lexical candidate only; human confirmation required. Alias evidence came from a VALID prior mapping row.
ING00077,mustard,Mustard,default,spice,192,"Spices, mustard seed, yellow",seed;yellow,,TOKEN_MATCH,0.6625,APPROVED,Mustard spice seed record selected over leafy mustard green vegetable records.,CNF_2026_manual_rule_curation,raw=0;dry=0;cooked=0;boiled=0;unspecified=123,Lexical candidate only; human confirmation required.
ING00078,mustard,Mustard Oil,oil,oil,452,"Vegetable oil, mustard",oil,,TOKEN_MATCH;FORM_MATCH,0.89,APPROVED,Direct vegetable oil record match for mustard oil.,CNF_2026_manual_rule_curation,raw=0;dry=0;cooked=0;boiled=0;unspecified=272,Lexical candidate only; human confirmation required.
ING00079,mustard,Mustard Seeds,seed,spice,192,"Spices, mustard seed, yellow",seed;yellow,,TOKEN_MATCH;FORM_MATCH,0.815,APPROVED,Direct spice seed record match for mustard seeds.,CNF_2026_manual_rule_curation,raw=0;dry=0;cooked=0;boiled=0;unspecified=1249,Lexical candidate only; human confirmation required.
ING00080,mutton,Mutton,default,meat,,,,,NO_MATCH,0.0,NO_MATCH,No suitable CNF 2026 record found; retained as NO_MATCH rather than forcing an unrelated food.,CNF_2026_manual_rule_curation,raw=0;dry=0;cooked=0;boiled=0;unspecified=78,No plausible CNF candidate met the deterministic or fuzzy review thresholds.
ING00081,oats,Oats,default,other,4421,"Grains, oats, dry",dry,,TOKEN_MATCH,0.7,APPROVED,Standard dry whole oats grain record selected.,CNF_2026_manual_rule_curation,raw=0;dry=0;cooked=2;boiled=0;unspecified=138,Lexical candidate only; human confirmation required.
ING00082,olive oil,Olive Oil,default,oil,422,"Vegetable oil, olive",oil,,TOKEN_MATCH,0.85,APPROVED,Direct vegetable oil record match for 100% pure olive oil.,CNF_2026_manual_rule_curation,raw=0;dry=0;cooked=0;boiled=0;unspecified=774,Lexical candidate only; human confirmation required.
ING00083,onion,Onion,default,vegetable,2401,"Onion, raw",raw,,TOKEN_MATCH,0.775,APPROVED,Standard raw whole vegetable record selected for default fresh onion.,CNF_2026_manual_rule_curation,raw=0;dry=0;cooked=8;boiled=0;unspecified=2709,Lexical candidate only; human confirmation required.
ING00084,oregano,Oregano,default,herb,195,"Spices, oregano, ground",ground,,TOKEN_MATCH,0.7,APPROVED,Standard dried culinary oregano spice record selected.,CNF_2026_manual_rule_curation,raw=0;dry=229;cooked=0;boiled=0;unspecified=3,Lexical candidate only; human confirmation required.
ING00085,paneer,Paneer,default,dairy,,,,,NO_MATCH,0.0,NO_MATCH,No suitable CNF 2026 record found; retained as NO_MATCH rather than forcing an unrelated food.,CNF_2026_manual_rule_curation,raw=0;dry=0;cooked=0;boiled=0;unspecified=250,No plausible CNF candidate met the deterministic or fuzzy review thresholds.
ING00086,paprika,Paprika (Powder),powder,spice,196,"Spices, paprika",unspecified_in_description,,TOKEN_MATCH,0.775,APPROVED,Direct spice record match for paprika powder.,CNF_2026_manual_rule_curation,raw=0;dry=0;cooked=0;boiled=0;unspecified=102,Lexical candidate only; human confirmation required.
ING00087,parmesan,Parmesan,default,dairy,40,"Cheese, parmesan, hard",unspecified_in_description,,TOKEN_MATCH,0.85,APPROVED,Standard hard block parmesan cheese record selected.,CNF_2026_manual_rule_curation,raw=0;dry=0;cooked=0;boiled=0;unspecified=98,Lexical candidate only; human confirmation required. Alias evidence came from a VALID prior mapping row.
ING00088,parsley,Parsley,default,herb,2405,"Parsley, fresh",fresh,,TOKEN_MATCH,0.775,APPROVED,Fresh culinary herb record selected for default fresh parsley.,CNF_2026_manual_rule_curation,raw=0;dry=7;cooked=0;boiled=0;unspecified=131,Lexical candidate only; human confirmation required.
ING00089,peanut,Peanut,default,nut,3396,"Peanuts, all types, raw",raw,,TOKEN_MATCH,0.775,APPROVED,"Standard generic raw peanut record selected over specific cultivars, roasted nuts, and peanut butter.",CNF_2026_manual_rule_curation,raw=121;dry=2;cooked=155;boiled=5;unspecified=42,Lexical candidate only; human confirmation required. Alias evidence came from a VALID prior mapping row.
ING00090,pistachio,Pistachio,default,nut,2644,"Nuts, pistachio nuts, raw",raw,,TOKEN_MATCH,0.7,APPROVED,Standard raw plain pistachio nut record selected over roasted nuts.,CNF_2026_manual_rule_curation,raw=0;dry=0;cooked=2;boiled=0;unspecified=147,Lexical candidate only; human confirmation required.
ING00091,poppy,Poppy (Seed),seed,seed,201,"Spices, poppy seed",seed,,TOKEN_MATCH;FORM_MATCH,0.89,APPROVED,Direct spice seed record match for poppy seeds.,CNF_2026_manual_rule_curation,raw=0;dry=0;cooked=6;boiled=0;unspecified=144,Lexical candidate only; human confirmation required.
ING00092,potato,Potato,default,vegetable,2505,"Potato, flesh and skin, raw",raw,,CNF_RULE_CURATION,0.95,APPROVED,Canonical ingredient is default form vegetable; raw potato record selected over boiled/prepared candidate rows.,CNF_2026_manual_rule_curation,raw=1;dry=0;cooked=7;boiled=235;unspecified=330,Recipe form is not explicit and CNF has multiple raw/dry/cooked alternatives.
ING00093,pumpkin,Pumpkin,default,vegetable,2441,"Pumpkin, raw",raw,,TOKEN_MATCH,0.775,APPROVED,Standard raw whole vegetable record selected over boiled pumpkin and pumpkin flowers.,CNF_2026_manual_rule_curation,raw=0;dry=0;cooked=0;boiled=1;unspecified=87,Lexical candidate only; human confirmation required.
ING00094,raisin,Raisin,default,dried fruit,1745,"Raisin, seedless (sultana)",unspecified_in_description,,ALIAS_MATCH,0.96,APPROVED,Standard seedless brown raisin (sultana / kishmish) record selected.,CNF_2026_manual_rule_curation,raw=0;dry=0;cooked=3;boiled=0;unspecified=163,Strong name/alias candidate only; not an approved mapping. Alias evidence came from a VALID prior mapping row.
ING00095,red bell pepper,Red Bell Pepper,default,vegetable,2484,"Pepper, sweet, red, raw",raw,,TOKEN_MATCH,0.5467,APPROVED,Standard raw whole sweet red pepper record selected.,CNF_2026_manual_rule_curation,raw=0;dry=0;cooked=2;boiled=0;unspecified=220,Lexical candidate only; human confirmation required.
ING00096,red chilli,Dry Red Chilli,dried,spice,2355,"Pepper, hot chili, red, sun-dried",dried,,CNF_RULE_CURATION,0.90,APPROVED,Canonical ingredient is dry red chili; genuine sun-dried red chili record selected over invalid pulse match.,CNF_2026_manual_rule_curation,raw=0;dry=284;cooked=1;boiled=0;unspecified=0,Lexical candidate only; human confirmation required.
ING00097,red chilli,Red Chilli Flakes,flakes,spice,2355,"Pepper, hot chili, red, sun-dried",dried,,TOKEN_MATCH;FORM_CONFLICT,0.58,NEEDS_REVIEW,Canonical ingredient is red chili flakes; mapped to sun-dried whole red chili pending review of flake preparation form.,CNF_2026_manual_rule_curation,raw=0;dry=0;cooked=0;boiled=0;unspecified=293,Lexical candidate only; human confirmation required.
ING00098,red chilli,Red Chilli Powder,powder,spice,177,"Spices, chili powder",powder,,TOKEN_MATCH;FORM_MATCH,0.6317,APPROVED,Standard chili powder spice record selected for red chili powder.,CNF_2026_manual_rule_curation,raw=0;dry=0;cooked=1;boiled=0;unspecified=2029,Lexical candidate only; human confirmation required.
ING00099,rice,Rice (Basmati),basmati,grain,4471,"Grains, rice, white, long-grain, regular, dry",dry;white;regular,,TOKEN_MATCH;FORM_CONFLICT,0.505,APPROVED,Standard dry white long-grain rice record selected to represent dry Basmati long-grain rice.,CNF_2026_manual_rule_curation,raw=0;dry=0;cooked=9;boiled=1;unspecified=110,Lexical candidate only; human confirmation required. Ranked ahead as a dry/raw candidate because most recipe entries are unqualified; review required.
ING00100,rice,Rice,default,grain,4471,"Grains, rice, white, long-grain, regular, dry",dry;white;regular,,TOKEN_MATCH,0.625,APPROVED,Standard dry regular long-grain white rice record selected for default culinary rice.,CNF_2026_manual_rule_curation,raw=16;dry=2;cooked=91;boiled=4;unspecified=185,Lexical candidate only; human confirmation required. Ranked ahead as a dry/raw candidate because most recipe entries are unqualified; review required.
ING00101,rice,Rice Flour,flour,flour,4429,"Grains, rice flour, white",flour;white,,TOKEN_MATCH;FORM_MATCH,0.815,APPROVED,Standard white rice flour record selected for culinary rice flour.,CNF_2026_manual_rule_curation,raw=0;dry=0;cooked=2;boiled=0;unspecified=194,Lexical candidate only; human confirmation required.
ING00102,saffron,Saffron Strands,strand,spice,205,"Spices, saffron",unspecified_in_description,,TOKEN_MATCH,0.775,APPROVED,Direct culinary spice record match for saffron strands.,CNF_2026_manual_rule_curation,raw=0;dry=0;cooked=0;boiled=0;unspecified=192,Lexical candidate only; human confirmation required.
ING00103,salt,Salt,default,seasoning,214,"Salt, table",unspecified_in_description,,TOKEN_MATCH,0.775,APPROVED,Direct table salt seasoning record match.,CNF_2026_manual_rule_curation,raw=0;dry=0;cooked=0;boiled=0;unspecified=6008,Lexical candidate only; human confirmation required.
ING00104,sambar powder,Sambar Powder,default,spice,,,,,NO_MATCH,0.0,NO_MATCH,No suitable CNF 2026 record found; retained as NO_MATCH rather than forcing an unrelated food.,CNF_2026_manual_rule_curation,raw=0;dry=0;cooked=0;boiled=0;unspecified=97,No plausible CNF candidate met the deterministic or fuzzy review thresholds.
ING00105,semolina,Semolina,default,grain,4478,"Grains, semolina",unspecified_in_description,,TOKEN_MATCH,0.775,APPROVED,Direct grain record match for semolina (sooji/rava).,CNF_2026_manual_rule_curation,raw=0;dry=0;cooked=4;boiled=0;unspecified=151,Lexical candidate only; human confirmation required.
ING00106,sesame,Sesame Oil,oil,oil,424,"Vegetable oil, sesame",oil,,TOKEN_MATCH;FORM_MATCH,0.89,APPROVED,Direct vegetable oil record match for sesame oil.,CNF_2026_manual_rule_curation,raw=0;dry=0;cooked=0;boiled=0;unspecified=196,Lexical candidate only; human confirmation required.
ING00107,sesame,Sesame Seeds,seed,seed,2521,"Seeds, sesame seeds, whole, roasted and toasted",roasted;toasted;seeds;whole,,TOKEN_MATCH;FORM_MATCH,0.74,APPROVED,Whole sesame seeds record selected for culinary sesame seeds.,CNF_2026_manual_rule_curation,raw=0;dry=5;cooked=19;boiled=0;unspecified=218,Lexical candidate only; human confirmation required.
ING00108,soy sauce,Soy Sauce,default,condiment,3403,"Soy sauce (made with soy and wheat), shoyu, regular",regular;sauce,,TOKEN_MATCH,0.6625,APPROVED,Standard regular brewed soy sauce (shoyu) record selected.,CNF_2026_manual_rule_curation,raw=0;dry=0;cooked=0;boiled=0;unspecified=214,Lexical candidate only; human confirmation required.
ING00109,spinach,Spinach,default,vegetable,2213,"Spinach, raw",raw,,TOKEN_MATCH,0.775,APPROVED,Standard raw fresh vegetable record selected for default fresh spinach.,CNF_2026_manual_rule_curation,raw=0;dry=0;cooked=1;boiled=4;unspecified=263,Lexical candidate only; human confirmation required.
ING00110,star anise,Star Anise,default,spice,,,,,NO_MATCH,0.0,NO_MATCH,No suitable CNF 2026 record found; retained as NO_MATCH rather than forcing an unrelated food.,CNF_2026_manual_rule_curation,raw=0;dry=0;cooked=0;boiled=0;unspecified=93,No plausible CNF candidate met the deterministic or fuzzy review thresholds.
ING00111,sugar,Sugar (Caster),caster,sweetener,4318,"Sweets, sugars, granulated (white)",unspecified_in_description,,CNF_RULE_CURATION,0.95,APPROVED,Candidate review file suggested sugar-apple fruit; genuine white refined sugar record selected for caster sugar.,CNF_2026_manual_rule_curation,raw=0;dry=0;cooked=0;boiled=0;unspecified=171,Lexical candidate only; human confirmation required.
ING00112,sugar,Sugar,default,sweetener,4318,"Sweets, sugars, granulated (white)",unspecified_in_description,,CNF_RULE_CURATION,0.95,APPROVED,Candidate review file suggested sugar-apple fruit; genuine white granulated sugar record selected for table sugar.,CNF_2026_manual_rule_curation,raw=1;dry=0;cooked=0;boiled=0;unspecified=1187,Lexical candidate only; human confirmation required.
ING00113,sunflower oil,Sunflower Oil,default,oil,7191,"Vegetable oil, sunflower, mid-oleic",oil,,TOKEN_MATCH,0.73,APPROVED,Standard refined mid-oleic cooking vegetable oil record selected for sunflower oil.,CNF_2026_manual_rule_curation,raw=0;dry=0;cooked=1;boiled=0;unspecified=2461,Lexical candidate only; human confirmation required.
ING00114,sweet corn,Sweet Corn,default,other,2388,"Corn, sweet, yellow, raw",raw;yellow,,TOKEN_MATCH,0.775,APPROVED,Standard raw fresh yellow sweet corn record selected.,CNF_2026_manual_rule_curation,raw=0;dry=0;cooked=39;boiled=24;unspecified=105,Lexical candidate only; human confirmation required.
ING00115,tamarind,Tamarind,default,condiment,1689,"Tamarind, raw",raw,,TOKEN_MATCH,0.775,APPROVED,Direct raw fruit/pulp record match for default tamarind.,CNF_2026_manual_rule_curation,raw=0;dry=0;cooked=0;boiled=0;unspecified=198,Lexical candidate only; human confirmation required.
ING00116,tamarind,Tamarind (Paste),paste,condiment,1689,"Tamarind, raw",raw,,TOKEN_MATCH;FORM_CONFLICT,0.655,NEEDS_REVIEW,"Canonical ingredient is tamarind paste, but CNF 2026 only provides raw tamarind; requires review to confirm proxying.",CNF_2026_manual_rule_curation,raw=0;dry=0;cooked=0;boiled=0;unspecified=137,Lexical candidate only; human confirmation required.
ING00117,tofu,Tofu,default,soy,4913,"Tofu, silken, light, firm",unspecified_in_description,,TOKEN_MATCH,0.6625,APPROVED,Plain firm refrigerated tofu record selected over fried and composite tofu dishes.,CNF_2026_manual_rule_curation,raw=0;dry=0;cooked=1;boiled=0;unspecified=87,Lexical candidate only; human confirmation required.
ING00118,tomato,Tomato,default,vegetable,2460,"Tomato, red, ripe, raw, year round average",raw,,TOKEN_MATCH,0.6625,APPROVED,Standard raw fresh tomato record selected over boiled and canned tomato forms.,CNF_2026_manual_rule_curation,raw=3;dry=1;cooked=2;boiled=4;unspecified=1429,Lexical candidate only; human confirmation required.
ING00119,tomato,Tomato Puree,puree,vegetable,6580,"Tomato products, canned, puree",canned;puree,,TOKEN_MATCH;FORM_MATCH,0.815,APPROVED,Direct canned tomato puree product match for tomato puree.,CNF_2026_manual_rule_curation,raw=0;dry=0;cooked=0;boiled=0;unspecified=222,Lexical candidate only; human confirmation required.
ING00120,toor dal,Toor Dal,default,pulse,3312,"Peas, pigeon (red gram), mature seeds, dry",dry;seeds;mature,,ALIAS_MATCH,0.96,APPROVED,Validated alias maps to pigeon peas; dry mature-seed form selected over boiled records.,CNF_2026_manual_rule_curation,raw=0;dry=0;cooked=15;boiled=5;unspecified=167,Recipe form is not explicit and CNF has multiple raw/dry/cooked alternatives. Ranked ahead as a dry/raw candidate because most recipe entries are unqualified; review required.
ING00121,turmeric,Turmeric Powder,powder,spice,211,"Spices, turmeric, ground",ground,,TOKEN_MATCH;FORM_MATCH,0.89,APPROVED,Direct ground spice record match for turmeric powder.,CNF_2026_manual_rule_curation,raw=0;dry=0;cooked=0;boiled=0;unspecified=2561,Lexical candidate only; human confirmation required.
ING00122,urad dal,White Urad Dal,white,pulse,,,,,NO_MATCH,0.0,NO_MATCH,No suitable CNF 2026 record found; retained as NO_MATCH rather than forcing an unrelated food.,CNF_2026_manual_rule_curation,raw=0;dry=0;cooked=0;boiled=0;unspecified=521,No plausible CNF candidate met the deterministic or fuzzy review thresholds.
ING00123,vanilla,Vanilla,default,flavoring,216,Vanilla extract,unspecified_in_description,,ALIAS_MATCH,0.97,APPROVED,Direct culinary vanilla extract record match.,CNF_2026_manual_rule_curation,raw=0;dry=0;cooked=0;boiled=0;unspecified=299,Strong name/alias candidate only; not an approved mapping. Alias evidence came from a VALID prior mapping row.
ING00124,vinegar,Vinegar,default,condiment,14,"Vinegar, distilled (white)",unspecified_in_description,,TOKEN_MATCH,0.7,APPROVED,Standard plain distilled white vinegar record selected for generic culinary vinegar.,CNF_2026_manual_rule_curation,raw=0;dry=0;cooked=0;boiled=0;unspecified=96,Lexical candidate only; human confirmation required.
ING00125,walnut,Walnut,default,nut,2590,"Nuts, walnuts, English or Persian",unspecified_in_description,,TOKEN_MATCH,0.64,APPROVED,Standard unglazed English/Persian walnut record selected over glazed and roasted walnuts.,CNF_2026_manual_rule_curation,raw=0;dry=1;cooked=6;boiled=0;unspecified=115,Lexical candidate only; human confirmation required. Alias evidence came from a VALID prior mapping row.
ING00126,water,Water,default,liquid,2933,"Water, municipal",unspecified_in_description,,TOKEN_MATCH,0.775,APPROVED,Standard municipal tap water liquid record selected.,CNF_2026_manual_rule_curation,raw=0;dry=0;cooked=1;boiled=1;unspecified=1202,Lexical candidate only; human confirmation required.
ING00127,yeast,Yeast (Active Dry),active dry,baking,4008,"Leavening agent, yeast, baker's, active, dry",dry,,CNF_RULE_CURATION,0.95,APPROVED,Genuine active dry baker's yeast leavening record selected over yeast extract spread.,CNF_2026_manual_rule_curation,raw=0;dry=99;cooked=0;boiled=0;unspecified=0,Lexical candidate only; human confirmation required.
ING00128,yellow bell pepper,Yellow Bell Pepper,default,vegetable,2344,"Pepper, sweet, yellow, raw",raw;yellow,,TOKEN_MATCH,0.5467,APPROVED,Direct raw fresh sweet yellow pepper record match.,CNF_2026_manual_rule_curation,raw=0;dry=0;cooked=0;boiled=0;unspecified=82,Lexical candidate only; human confirmation required.
