candidate_ingredient,frequency
salt,5369
sunflower oil,2462
turmeric powder,2231
garlic,2045
onion,1972
red chilli powder,1735
ginger,1624
cumin seeds,1560
coriander leaves,1546
green chillies,1373
curry leaves,1202
sugar,1121
water,1105
mustard seeds,1094
ghee,1048
coriander powder,910
garam masala powder,859
black pepper powder,853
lemon juice,827
butter,766
cumin powder,756
extra virgin olive oil,751
asafoetida,739
fresh coconut,692
dry red chillies,688
milk,685
tomato,651
green chilli,640
tomatoes,631
curd,613
cinnamon stick,532
all purpose flour,526
नमक,515
onions,513
white urad dal,481
whole wheat flour,467
whole black peppercorns,465
jaggery,451
cardamom pods/seeds,436
carrot,375
mint leaves,373
potatoes,371
oil,367
bay leaf,363
gram flour,357
fennel seeds,350
coriander seeds,350
whole eggs,336
cashew nuts,332
ginger garlic paste,328
chana dal,319
cardamom powder,315
green bell pepper,314
honey,313
vanilla extract,299
red chilli flakes,292
methi seeds,287
dry red chilli,284
green peas,280
mustard oil,272
baking powder,267
fresh cream,250
paneer,250
ajwain,243
हरी मिर्च,243
badam,238
sesame seeds,237
carrots,233
प्याज,232
dried oregano,229
chaat masala powder,229
pinch asafoetida,227
rice,227
salt and pepper,224
red bell pepper,222
coconut milk,216
soy sauce,214
amchur,211
corn flour,210
potato,202
tamarind,198
sesame oil,196
rice flour,196
button mushrooms,195
cinnamon powder,193
छोटा चमच्च हल्दी पाउडर,192
green beans,191
homemade tomato puree,191
coconut oil,188
arhar dal,187
lemon,174
caster sugar,171
kashmiri red chilli powder,171
basil leaves,168
sweet corn,167
raisins,166
hung curd,163
छोटा चमच्च जीरा,160
टमाटर,157
saffron strands,157
mango,155
cabbage,153
baking soda,152
poppy seeds,150
pistachios,149
kasuri methi,149
whole egg,146
sooji,146
yellow moong dal,145
brown sugar,143
chicken,140
इंच अदरक,139
छोटा चमच्च लाल मिर्च पाउडर,139
तेल,138
spinach,138
tamarind paste,137
parsley leaves,136
instant oats,134
broccoli,133
mozzarella cheese,132
bay leaves,130
सुखी लाल मिर्च,130
spinach leaves,130
tamarind water,129
cauliflower,128
cucumber,126
chicken breasts,125
कली लहसुन,125
roasted peanuts,124
pinch salt,124
mustard,123
red chilli sauce,122
walnuts,122
raw peanuts,121
whole wheat brown bread,121
basmati rice,120
spring onion greens,113
छोटा चमच्च राइ,112
ripe bananas,109
whole wheat bread crumbs,106
brinjal,103
methi leaves,103
black cardamom,102
paprika powder,102
cocoa powder,101
lukewarm water,99
active dry yeast,99
parmesan cheese,98
sambar powder,97
vinegar,96
cheese,95
spring onion,95
star anise,93
green coriander,92
coriander,89
छोटा चम्मच हल्दी पाउडर,88
हरा धनिया,88
tofu,88
pearl onions,87
vegetable stock,86
kabuli chana,85
dry ginger powder,83
kaddu,83
yellow bell pepper,82
coconut,81
टहनी कढ़ी पत्ता,81
red chili powder,80
dessicated coconut,79
छोटा चमच्च हींग,79
dates,79
mutton,78
green moong dal,78
beetroot,77
cheddar cheese,75
tomato ketchup,75
छोटा चमच्च गरम मसाला पाउडर,74
green zucchini,74
छोटा चमच्च धनिया पाउडर,74
black urad dal,74
छोटा चम्मच जीरा,73
nutmeg powder,72
mixed herbs,72
kalonji,72
हींग,71
cooked rice,70
black salt,70
rye,69
कढ़ी पत्ता,66
green chili,66
condensed milk,65
long,65
टहनी हरा धनिया,64
masoor dal,64
strawberries,64
rajma,63
dark chocolate,62
rosemary,62
dried thyme leaves,61
chilled water,61
pineapple,60
dry coconut,60
bottle gourd,60
heavy whipping cream,60
shallots,58
green chutney,58
आलू,58
छोटा चम्मच लाल मिर्च पाउडर,58
poha,57
bhindi,57
तेज पत्ता,56
apple,56
kala chana,56
पानी,54
lemon zest,54
mooli/ mullangi,54
लॉन्ग,53
icing sugar,53
capsicum,53
vivatta maida,53
cinnamon,52
raw banana,51
black olives,51
mixed nuts,51
green moong sprouts,51
ragi flour,50
fresh orange juice,50
dill leaves,50
prawns,49
cherry tomatoes,49
rose water,49
mace,49
britannia cream cheese,49
enos fruit salt,49
celery,48
baby corn,48
pickled jalapenos,47
fennel powder,46
cardamom,46
बड़ा चमच्च तेल,46
कप दही,46
boneless chicken,46
feta cheese,45
कप चावल,45
iceberg lettuce,45
peanuts,44
panch phoran masala,44
कप नारियल,44
baby potatoes,43
buttermilk,43
कप पानी,43
fresh thyme leaves,42
peanut butter,42
mixed vegetables,42
drumstick,42
chocolate chips,42
avocado,41
anardana powder,41
छोटा चमच्च तेल,41
ice cubes,40
fenugreek seeds,40
kokum,40
sweet potatoes,40
छोटा चमच्च जीरा पाउडर,40
छोटा चम्मच राइ,40
sweet chutney,39
khoya,39
italian seasoning,39
छोटा चम्मच गरम मसाला पाउडर,38
chia seeds,38
fresh red chillies,38
fresh pomegranate fruit kernels,38
orange zest,38
elephant yam,38
tabasco original,38
karela,38
sweet potato,37
tortillas,37
sev,37
cumin,36
roasted gram dal,36
cloves,36
quinoa,36
इलाइची,36
garlic powder,36
hot water,35
cranberries,35
शिमला मिर्च,34
छोटा चम्मच जीरा पाउडर,34
asafetida,34
black eyed beans,33
milk powder,33
idli rice,33
गाजर,32
instant coffee powder,32
bajra flour,32
बड़े चमच्च तेल,32
nutmeg,32
red onion,31
tomato puree,31
jowar flour,31
slivered almonds,31
छोटा चमच्च शक्कर,30
almond meal,30
छोटा चम्मच हींग,30
sriracha sauce,30
pinch turmeric powder,30
lemon wedges,30
whole black pepper corns,30
spaghetti pasta,30
orange,29
soy chunks,29
brown rice,29
flax seed powder,29
कप हरे मटर,29
ssp asafoetida,29
apples,29
foxtail millet,28
कप हरा धनिया,28
homemade pizza and pasta sauce,28
whole pepper,27
classic mayonnaise,27
lentil sugar,27
छोटा चमच्च अदरक,27
छोटा चमच्च सौंफ,27
byadagi dried chillies,27
pinch saffron strands,26
pinch sugar,26
penne pasta,26
gingelly oil,26
chilli vinegar,26
horse gram dal,26
fennel,26
broken wheat,26
yogurt,25
ridge gourd,25
green chilli sauce,25
white pepper powder,25
sour cream,25
colocasia root,25
small brinjal,25
sweet and spicy red chilli sauce,25
tindora,24
roasted tomato pasta sauce,24
black pepper corns,24
dark soy sauce,24
इंच दाल चीनी,24
पूरी काली मिर्च,24
छोटा चम्मच धनिया पाउडर,24
idli dosa batter,24
red yellow and green bell peppers,24
cream,23
muesli,23
watermelon,23
kiwi,23
makki ka atta,23
olive oil,23
कप पिली मूंग दाल,23
dijon mustard,23
इंच दालचीनी,23
बड़े चमच्च घी,23
britannia cheese spread,23
pav bhaji masala,22
white vinegar,22
अंडे,22
wheat flour,22
palm sugar,22
as per taste,22
rasam powder,22
figaro pure olive oil,22
maple syrup,22
red wine vinaigrette,22
sea salt,22
whole cashews,22
raw papaya,22
कप चना दाल,21
cashews,21
कप बेसन,21
maharashtrian goda masala,21
oats flour,21
sabudana,21
छोटा चमच्च पूरी काली मिर्च,21
rock salt,21
green chilli paste,21
बड़ा चमच्च घी,20
boondi,20
छोटा चम्मच तेल,20
बड़ा चम्मच घी,20
mustard sauce,20
green bell peppers,20
कप दूध,20
cooking soda,20
shrimps,20
rolled oats or instant oats,20
mint,19
black sesame seeds,19
drumstick leaves,19
छोटा चमच्च काली मिर्च पाउडर,19
छोटा चम्मच काली मिर्च पाउडर,19
apple cider vinegar,19
red yellow or green bell pepper,19
small onions,19
rice vinegar,19
काजू,19
egg yolks,19
tahini,19
phool makhana,18
puffed rice,18
semiya,18
balsamic vinegar,18
ग्राम पनीर,18
लहसुन,18
mango pulp,18
of green coriander,18
कप गाजर,18
कप टमाटर प्यूरी,18
कप नारियल का दूध,18
gelatin,18
fresh red chilli,18
kashmiri dry red chillies,18
घी,17
stalks spring onion,17
बड़ी इलाइची,17
whole black pepper,17
nutralite classic spread,17
custard powder,17
hakka noodles,17
छोटा चमच्च निम्बू का रस,17
amla,17
curry powder,17
egg whites,16
बड़ा चमच्च अदरक लहसुन का पेस्ट,16
बड़ा चमच्च धनिया पाउडर,16
jackfruit raw,16
pepper powder,16
avarekalu / lilva beans,16
almonds,16
green chilies,16
barnyard millet,16
ricotta cheese,16
tomato salsa,16
bud garlic,16
melon seeds,16
बड़ा चम्मच तेल,16
blueberries,16
sunflower seeds,16
gawar phali,15
छोटे चमच्च तेल,15
कप अरहर दाल,15
nutralite garlic & oregano spread,15
buckwheat flour,15
छोटा चमच्च सफ़ेद उरद दाल,15
stone flower,15
fenugreek,15
eggs,15
छोटा चमच्च मेथी के दाने,15
eggplant,15
छोटा चमच्च अदरक लहसुन का पेस्ट,15
छोटा चमच्च घी,15
britannia cheese block,15
green amaranth leaves,15
lemons,15
लाल मिर्च पाउडर,15
flax seeds,15
fish sauce,15
salted butter,15
egg white,15
long garlic,14
chicken stock,14
rose petals,14
tandoori masala,14
लॉन्ग लहसुन,14
burger buns,14
dry fruits,14
apricots,14
dried rose petals,14
english cucumber,14
कप पुदीना,14
fish,14
छोटा चम्मच सफ़ेद उरद दाल,14
sun dried tomatoes,14
dried figs,14
बादाम,14
dried basil leaves,14
बैंगन,14
कप गेहूं का आटा,14
mangalorean cucumber,14
beetroots,14
बड़े चम्मच घी,14
of coriander,13
बड़े चमच्च नारियल,13
purple cabbage,13
mixed dry fruits,13
fresh cherries,13
बड़ा चमच्च नारियल,13
ग्राम भिंडी,13
dry red chili,13
nutella spread,13
lemongrass,13
yellow zucchini,13
kaffir lime leaves,13
छोटा चम्मच सौंफ,13
leek,13
pav buns,13
कप शक्कर,13
red matta rice,12
pasta,12
कप हरी मूंग दाल,12
light soy sauce,12
jowar seeds,12
papaya,12
black rice,12
to 4 green chillies,12
छोटा चमच्च अमचूर,12
white chocolate,12
mango powder,12
cucumbers,12
छोटा चमच्च अमचूर पाउडर,12
rice wine vinegar,12
ragi seeds,12
black beans,12
rajgira flour,12
banana stem,12
vellai poosanikai,12
कप मसूर दाल,12
pumpkin seeds,12
almond milk,12
कप काबुली चना या छोला,12
छोटा चम्मच अदरक,12
badi,12
छोटे प्याज,12
baguette,12
हल्दी पाउडर,12
कप पालक,12
fresh herbs,12
aerated water,12
बड़ा चमच्च निम्बू का रस,12
thai red chilli,12
rice noodles,12
काली मिर्च पाउडर,12
red chili,11
fresh fruits,11
gulkand,11
fresh figs,11
chow chow,11
-3 green chillies,11
mixed fruits,11
achari mayo,11
छोटा चमच्च कसूरी मेथी,11
date syrup,11
छोटा चमच्च इलाइची पाउडर,11
nutralite cheesy garlic mayo,11
okra,11
onion powder,11
गोभी,11
gourd,11
lettuce leaves,11
pinch cardamom powder,11
raw mango,11
निम्बू का रस,11
कप प्याज,11
bok choy,11
dosa rice,11
pinch baking soda,11
kala jeera,11
कप मूंगफली,11
tulsi,11
छोटा चमच्च नमक,11
del monte whole corn kernels,11
oreo biscuits,11
thai red curry paste,11
छोटा चम्मच निम्बू का रस,11
macaroni pasta,11
chocolate bar,11
black salt or rock salt,11
banana leaf,11
palm jaggery,10
barley,10
कप स्वीट कॉर्न,10
soybeans,10
tender coconut water,10
केसर,10
stalks lemongrass,10
बड़ा चमच्च मक्खन,10
बड़ा चम्मच निम्बू का रस,10
peppermint,10
red cabbage,10
chinese 5 spice powder,10
stalks celery,10
prunes,10
schezwan sauce,10
avarekai,10
pomegranate,10
guava,10
छोटा चम्मच पूरी काली मिर्च,10
del monte cheesy garlic mayo,10
rice vermicelli noodles,10
large cardamom,10
कप इमली का पानी,10
बड़ा चमच्च हरा धनिया,10
कप मेथी,10
mace powder,10
basa fish,10
कप काजू,10
bean sprouts,10
दालचीनी,10
tomato basil pasta sauce,10
बड़ा चमच्च गरम मसाला पाउडर,10
1/2 cups water,10
बड़े चम्मच हरा धनिया,10
rolled oats,10
wheat bran,10
green seedless grapes,10
बड़ा चमच्च लाल मिर्च पाउडर,10
छोटा चम्मच मेथी के दाने,10
all spice powder,10
बड़ा चमच्च धनिये के बीज,10
puff pastry sheet,10
fish fillet,10
pinch nutmeg powder,10
cayenne pepper,10
yellow mustard seeds,9
methi powder,9
coconut sugar,9
peaches,9
kasoori methi,9
छोटा चमच्च कश्मीरी लाल मिर्च पाउडर,9
बड़ा चमच्च गुड़,9
pink masoor dal,9
edible silver foil/leaf,9
bajra,9
baby spinach,9
marie biscuit,9
छोटा चम्मच अजवाइन,9
कप पनीर,9
बड़े चमच्च हरा धनिया,9
dry red chilies,9
galangal,9
double cream,9
pinch cooking soda,9
पुदीना,9
बड़े चम्मच तेल,9
snake gourd,9
chicken thighs,9
banana flower,9
इलाईची,9
बड़ा चमच्च हल्दी पाउडर,9
pointed gourd,9
whole wheat flour tortilla,9
small potatoes,9
parwal,9
बड़ा चमच्च जीरा,9
del monte mint mayo,9
few curry leaves,9
groundnut powder,9
कप सफ़ेद उरद दाल,9
decorative sugar,9
coal,9
urad dal flour,9
kashmiri dry red chilli,9
chenna,9
कप गोभी,9
-4 curry leaves,9
cheese spread,9
homemade basil pesto,9
semolina,9
1/2 cup water,9
saffron,9
कप काला चना,9
ककड़ी,9
कप क्रीम,9
pinch cinnamon powder,9
del monte tandoori mayo,9
guacamole,8
biryani masala,8
कप हरा मटर,8
rum,8
jam,8
chironji,8
few sprig coriander leaves,8
caramelized onions,8
बड़े चम्मच बेसन,8
soy milk,8
dark chocolate chips,8
strawberry compote,8
कप टमाटर,8
tur dal,8
egg noodles,8
छोटा चम्मच घी,8
छोटा चम्मच चाट मसाला पाउडर,8
कप सूजी,8
confectioners sugar,8
idli,8
corn flour tortilla,8
कप हरा बीन्स,8
del monte black olives,8
कप कद्दू,8
स्टार अनीस,8
chakundar,8
papad,8
बड़ा चमच्च अदरक,8
soy granules,8
tutti frutti,8
kasundi mustard sauce,8
बड़ा चमच्च लहसुन,8
jackfruit seeds,8
lotus stem,8
stalks spring onion greens,8
लीटर दूध,8
curry leaf,8
all purpose pie crust,8
सुखी कश्मीरी मिर्च,8
charcoal,8
stalk lemon grass,8
कप पत्ता गोभी,8
mascarpone cheese,8
canola oil,8
chocolate sauce,8
brown cardamom,8
black gram,8
kalonji seeds,8
avocados,8
mooli ke patte,8
pecans,8
broken raw rice,8
peanut oil,8
moth dal,7
red chillies,7
कप बादाम,7
sichuan peppercorns,7
singhade,7
black grapes,7
ice,7
few saffron strands,7
छोटा चमच्च काली उरद दाल,7
trumpet,7
mini pita breads,7
दाल चीनी,7
homemade hoisin sauce,7
refried beans,7
chives,7
turmeric,7
ग्राम इमली,7
छोटा चमच्च चना दाल,7
tzatziki,7
कप गुड़,7
-2 green chillies,7
-3 cloves garlic,7
छोटा चमच्च कलोंजी के बीज,7
canned cherries,7
निम्बू,7
dried green peas,7
-6 curry leaves,7
wheat noodles,7
bitter gourd,7
arborio rice,7
pizza seasoning,7
chiroti rava,7
इमली,7
green olives,7
idli dosa mixture,7
tinda,7
idli dosa podi,7
thandai masala,7
pineapple juice,7
pomfret fish,7
mustard powder,7
dhansak masala,7
छोटा चमच्च गुड़,7
बड़े चम्मच नारियल,7
अदरक,7
govind bhog rice,7
-10 curry leaves,7
worcestershire sauce,7
eggless mayonnaise,7
green onions,7
couscous,7
britannia cheezza,7
बड़ा चमच्च चना दाल,7
jackfruit ripe,7
pasta fusilli,7
del monte spaghetti pasta,7
thai basil leaves,7
arugula leaves,7
कप चावल का आटा,7
छोटे चम्मच तेल,7
छोटे चम्मच धनिया पाउडर,7
छोटा चमच्च सफेद उरद दाल,7
छोटा चमच्च अदरक पाउडर,7
stalk celery,7
chocolate ganache,7
बड़ा चमच्च शक्कर,7
बड़ा चमच्च राइ,7
छोटा चम्मच कलोंजी के बीज,7
बड़ा चमच्च बेसन,7
chilled butter,7
achari masala,7
turnips,7
लौकी,7
कप हंग दही,7
to 5 cloves garlic,7
लाल मिर्च,6
chickpea lentils,6
hard taco shells,6
kewra essence,6
छोटा चम्मच काला नमक या सेंधा नमक,6
badi hari mirch,6
pickled onions,6
बड़ा चमच्च इमली का पेस्ट,6
छोटे चमच्च जीरा,6
छोटा चमच्च लहसुन,6
छोटा चमच्च धनिये के बीज,6
ग्राम पालक,6
roasted gram flour,6
mustard greens,6
pine nuts,6
veg hakka noodles,6
fresh turmeric root,6
agar agar,6
small green brinjal,6
wheat berries/ whole wheat,6
rice paper rolls,6
oats,6
herb butter,6
canned black beans,6
कप लौकी,6
कप काली उरद दाल,6
kale,6
red wine,6
french loaf,6
शक्कर,6
nendra pazham banana,6
chicken legs,6
za'atar,6
cottage cheese,6
जीरा,6
bacon strips,6
dry mix herbs,6
चाट मसाला पाउडर,6
harissa paste,6
छोटा चमच्च अजवाइन,6
कप आलू,6
kewra water,6
button mushroom,6
hilsa fish,6
pani puris,6
seer fish,6
rice rava,6
कप राजमा,6
white broad beans,6
baked beans,6
chana masala powder,6
छोटा चमच्च चाट मसाला पाउडर,6
conchiglie pasta,6
oranges,6
chilli oil,6
spirulina,6
कप पोहा,6
chicken wings,6
कप वेजिटेबल स्टॉक,6
vanilla ice cream,6
suran,6
rose essence,6
छोटा चम्मच शहद,6
बड़ा चम्मच अदरक लहसुन का पेस्ट,6
barbeque sauce,6
gond,6
-3 dry red chillies,6
big cardamom,6
बड़े चम्मच मक्खन,5
polenta,5
goat cheese,5
khus khus,5
orange marmalade jam,5
guntur dried chillies,5
छोटा चमच्च पंच फोरन मसाला,5
tea bags,5
coffee decoction,5
homemade hummus,5
small spoon garam masala powder,5
hazelnut,5
मूली,5
fried bread cubes,5
ग्राम चिकन,5
of chickpea chickpea or chickpeas,5
radish,5
corn flakes,5
छोटा चम्मच कश्मीरी लाल मिर्च पाउडर,5
sardine fish,5
बड़ा चमच्च नारियल का तेल,5
rohu fish,5
बड़ा चम्मच धनिये के बीज,5
nolen gur,5
pumpkin,5
khuskhus,5
cane sugar,5
काला नमक या सेंधा नमक,5
kalmatta olives,5
clove powder,5
rocket leaves,5
छोटा चम्मच नमक,5
arrowroot flour,5
to 3 green chillies,5
multigrain digestive oat biscuits,5
छोटा चम्मच अमचूर,5
whole black peppers,5
dry kashmiri chillies,5
to 6 curry leaves,5
milk chocolate,5
ओलिव का तेल,5
garlic butter,5
-4 green chillies,5
corn meal,5
sage,5
करेला,5
mixed sprouts,5
corn kernels,5
तुरई,5
green grapes,5
टहनी पुदीना,5
tea leaves,5
salt to taste,5
plantain stem,5
बड़ा चम्मच लाल मिर्च पाउडर,5
बड़े चमच्च क्रीम,5
ग्राम अरबी,5
amchur powder,5
gm arabic,5
-4 cloves garlic,5
according to taste,5
कच्चा केला,5
बड़ा चम्मच पूरी काली मिर्च,5
छोटा चमच्च हरी मिर्च,5
almond essence,5
thai green curry paste,5
spirali pasta,5
chayote,5
बड़ा चमच्च पूरी काली मिर्च,5
कप ओट्स,5
pumpkin puree,5
pomegranate juice,5
hot dog bread,5
fresh green chickpeas,5
pears,5
छोटा चम्मच शक्कर,5
बड़े चमच्च धनिये के बीज,5
blanched tomatoes,5
lahsun ki chutney,5
sesame,5
ग्राम बटन मशरुम,5
granola,5
sesame powder,5
neem leaves,5
छोटा चम्मच इलाइची पाउडर,5
colocasia leaves,5
betel leaves,5
बड़ा चम्मच मक्खन,5
कप कच्चा आम,5
बटन मशरुम,5
red amaranth leaves,5
छोटा चमच्च सौंफ पाउडर,5
हरे प्याज,4
small spoon turmeric powder,4
del monte sandwich spread,4
malwani masala,4
black tea,4
chicken drumstick,4
छोटा चमच्च इमली का पेस्ट,4
बड़े चम्मच दही,4
flaxmeal egg replacer,4
बड़ा चम्मच बेसन,4
कप बैंगन,4
mutton kheema,4
tarragon,4
to 2 green chillies,4
chocolate shavings,4
shallot,4
of cottage cheese,4
chicken breast,4
कप ब्राउन राइस,4
phulka,4
बड़े चम्मच धनिये के बीज,4
goda masala,4
to 4 tablespoons chilled water,4
stalks lemon grass,4
assam tea leaves,4
छोटा चमच्च रेड चिल्ली फलैक्स,4
caramel sauce,4
glazed cherries,4
red baby radish,4
tapioca root,4
graham cracker crumbs,4
roasted chana dal,4
बड़े चम्मच सरसों का तेल,4
sugar syrup,4
plums,4
green gram,4
sprouted moong,4
pinch black pepper powder,4
कप छोटे प्याज,4
बड़ा चमच्च कॉर्न फ्लौर,4
amchoor powder,4
toothpicks,4
small spoon cumin seeds,4
g suran,4
बड़े चमच्च मूंगफली,4
cowpea,4
कप लोबिया,4
छोटे चमच्च लाल मिर्च पाउडर,4
बड़ा चम्मच सरसों का तेल,4
hot masala powder,4
छोटा चमच्च सोया सॉस,4
meat masala,4
1/2 cup basmati rice,4
del monte cheesy dip,4
sumac,4
कप कुलीथ दाल,4
बड़े चम्मच चना दाल,4
बड़े चमच्च दही,4
red poha,4
छोटा चमच्च तिल का तेल,4
sprig extract of natural bourbon vanilla,4
छोटे चम्मच लाल मिर्च पाउडर,4
buds garlic,4
बड़ा चमच्च जीरा पाउडर,4
urad dal,4
-5 cloves garlic,4
1/2 cups whole wheat flour,4
dry white wine,4
ino fruit salt,4
कप अनारदाना,4
1/2 cup all purpose flour,4
kosher salt,4
pizza base,4
मूंगफली,4
capers,4
lamb,4
-5 curry leaves,4
बड़ा चमच्च कसूरी मेथी,4
pinch baking powder,4
star anis,4
बड़े चमच्च गुड़,4
बड़े चमच्च बेसन,4
del monte farfalle pasta,4
pomegranate powder,4
ginger powder,4
छोटा चम्मच अदरक लहसुन का पेस्ट,4
छोटा चम्मच अदरक पाउडर,4
papads,4
ग्राम मटन,4
jasmine rice,4
hara chana,4
pinch ssp asafoetida,4
radish leaves,4
1/2 teaspoon coriander powder,4
green onion,4
dagad phool,4
to 3 dry red chilli,4
1/2 cups all purpose flour,4
boiled egg,4
छोटा चम्मच धनिये के बीज,4
छोटा चमच्च शाही जीरा,4
cheese slices,4
stalk spring onion greens,4
soya chunks,4
red chilli paste,4
save,4
छोटा चमच्च दाल चीनी पाउडर,4
stalk coriander leaves,4
digestive biscuit,4
ciabatta bread,4
amaranth seeds,4
thai yellow curry paste,4
radishes,4
tawa paratha,4
spring roll wrappers,4
white wine vinegar,4
छोटे चमच्च धनिया पाउडर,4
portobello mushrooms,4
lemon grass,4
ब्रेड,4
कच्चा आम,4
sundakkai,4
बड़े चमच्च काजू,4
green chawli beans,4
veeba sweet chilli sauce,4
green onion leaves,4
fresh raspberries,4
split mustard seeds,4
bathua leaves,4
ग्राम टोफू,4
बड़े चमच्च शक्कर,4
छोटा चम्मच अमचूर पाउडर,4
fresh oregano,4
बड़ा चम्मच तिल का तेल,4
mint powder,4
छोटा चम्मच हरी मिर्च,4
lasagna sheets,4
red radish,4
शकरकंदी,4
g paneer,4
watermelon seeds,4
to 3 cloves,4
mango pickle,4
plum,4
singoda flour,4
कप ब्रेड क्रम्ब्स,4
कप बटन मशरुम,4
कप हरे प्याज,4
छोटा चमच्च राई,3
छोटा चम्मच कसूरी मेथी,3
कप चकुंदर,3
mackerel fish,3
drumsticks,3
chipotle peppers,3
बड़ा चम्मच कसूरी मेथी,3
to 5 green chillies,3
whole wheat tawa paratha,3
multigrain digestive biscuits,3
green,3
gouda cheese,3
छोटा चमच्च इलाईची पाउडर,3
knol khol,3
छोटे चम्मच घी,3
छोटा चम्मच सांबर पाउडर,3
बड़ा चम्मच धनिया पाउडर,3
कप फॉक्सटेल मिलेट,3
few coriander leaves,3
बड़े चमच्च कसूरी मेथी,3
figs,3
गरम मसाला पाउडर,3
ginger juice,3
indian borage,3
to 4 cardamom pods/seeds,3
orange pulp,3
breads,3
tapioca flour,3
kodo millet,3
1/2 cups vegetable stock,3
ग्राम गाजर,3
ग्राम हरा बीन्स,3
pickle,3
बड़े चमच्च मक्खन,3
पत्ता गोभी,3
wheat flakes,3
ridge gourd skin,3
oregano,3
chicken thigh,3
brinjals,3
छोटा चम्मच गुड़,3
ग्राम मेथी,3
ब्यादगी लाल मिर्च,3
seeraga samba rice,3
sambal paste,3
split methi seeds,3
to 3 dry red chillies,3
छोटी चमच्च हल्दि,3
कप खजूर,3
कप सफेद उरद दाल,3
to 4 dry red chillies,3
long green brinjal,3
dry beans,3
spoon curry leaves,3
बड़े चमच्च चावल का आटा,3
dried yellow/white peas,3
coconut cream,3
चाउ चाउ,3
छोटे चमच्च राइ,3
bagel,3
flour,3
potato masala,3
-3 tablespoons sugar,3
amchoor,3
yellow fenugreek seeds,3
filter coffee powder,3
vanilla custard,3
कप बूंदी,3
punjabi style mango pickle,3
gwar pods,3
to 4 curry leaves,3
बीटरूट,3
multigrain flour,3
of chicken,3
छोटा चमच्च नारियल का तेल,3
moth sprouts,3
aloo bhujia,3
stalk spring onion,3
corn cob,3
छोटे चमच्च घी,3
pinch edible camphor,3
french bread,3
chipotle sauce,3
कप तुअर दाल,3
बड़ा चमच्च काजू,3
कप खुस खुस,3
chikoo,3
कप मुरमुरा,3
kesar milk masala,3
rabodi,3
अजवाइन,3
dried red chillies,3
tamarind chutney,3
basil powder,3
बड़ा चमच्च मूंगफली,3
कप मखाना,3
salmon fillet,3
fennel bulb,3
ब्रोकली,3
1/2 cups milk,3
britannia cheese cubes,3
gram lentils,3
pinch garam masala powder,3
raw banana peel,3
kashmiri masala powder,3
cut 1 inch ginger,3
lime wedges,3
whole wheat pita bread,3
to 6 cloves garlic,3
bulgur wheat,3
homemade marinara sauce,3
बड़ा चमच्च सौंफ,3
1/2 cup whole wheat flour,3
of water,3
pinch food color,3
छोटा चम्मच दालचीनी पाउडर,3
curry leaves -,3
millet flour,3
1/2 teaspoon active dry yeast,3
pitted cherries,3
बड़ा चम्मच सौंफ,3
mango powder powder,3
फिश,3
bread crumbs,3
almond butter,3
-3 tablespoons sunflower oil,3
orange liquor,3
crabs,3
crusty bread log,3
पापड़,3
mor milagai,3
छोटा चमच्च गोडा मसाला,3
red grapes,3
or 5 curry leaves,3
papdi puris,3
kidney beans,3
बड़ा चम्मच ओलिव का तेल,3
छोटा चम्मच ओलिव का तेल,3
del monte tartare dip,3
fresh green toor dal,3
panini bread,3
to 8 whole black peppercorns,3
green apple,3
छोटे चमच्च धनिये के बीज,3
-8 curry leaves,3
rasgulla,3
bhetki fish,3
salad leaves,3
-3 sprig coriander leaves,3
parmigiano reggiano cheese,3
कसूरी मेथी,3
mixed greens,3
बड़ा चमच्च सफ़ेद उरद दाल,3
कप गवार फली,3
ratan jot,3
sprig ginger teriyaki sauce,3
kashmiri red chilli,3
wild rice,3
eggplants,3
-4 cardamom pods/seeds,3
kolhapuri masala,3
gobi,3
pinch chaat masala powder,3
छोटा चमच्च सांबर पाउडर,3
maida,3
of mint,3
summer salad,3
green romaine lettuce,3
आम,3
बड़ा चमच्च शिमला मिर्च,3
pinch enos fruit salt,3
red romaine lettuce,3
wheat germ,3
rabri,3
छोटे चम्मच निम्बू का रस,3
boiled peanuts,3
chipotle chillies / peppers,3
banana,3
-3 green chilli,3
-3 sprig mint leaves,3
panch four masala,3
red seedless grapes,3
pinch red chilli powder,3
राइ,3
चकुंदर,3
small spoon coriander powder,3
white onion,3
छोटा चम्मच चना दाल,3
red chilli flax,3
हरा बीन्स,3
-3 cloves,3
lentils,3
brussel sprouts,3
sultanas,3
कप ब्रोकली,3
छोटा चमच्च तिल,3
किशमिश,3
छोटे चम्मच जीरा पाउडर,3
नारियल का तेल,3
lemon pound cake,2
crushed ice,2
almond,2
to 6 cashew nuts,2
rabdi,2
-10 dry red chillies,2
छोटे चम्मच नारियल,2
छोटा चमच्च रसम पाउडर,2
छोटा चम्मच खस खस,2
cashew,2
छोटे चम्मच गरम मसाला पाउडर,2
कप अनार,2
बड़े चमच्च गुलाब का पानी,2
सेब,2
goan recheado masala,2
1/2 cup red matta rice,2
jamun,2
pumpkin pie spice,2
sorrel leaves,2
ice cream,2
dry mango powder,2
-8 cashew nuts,2
बड़ा चम्मच सूखा नारियल,2
aniseed,2
kolhapuri khanda lasun masala,2
white urad lentils,2
to 2 bay leaves,2
dal sugar,2
-12 curry leaves,2
1/2 teaspoon kashmiri red chilli powder,2
coconut yogurt,2
कप तिल,2
homemade whole wheat khakras,2
जीरा पाउडर,2
sprite,2
1/2 tablespoons sesame seeds,2
1/2 cups digestive biscuit,2
to 6 sprig coriander leaves,2
-5 cardamom pods/seeds,2
make 1 cup green gram,2
veeba harissa sauce,2
peanut,2
oat bran,2
1/2,2
ग्राम छोटे आलू,2
greens,2
1/2 cups sugar,2
linguine pasta,2
1 tsp turmeric powder,2
छोटे चमच्च सांबर पाउडर,2
blackberries,2
mixed lentils,2
thonnai,2
-5 cashew nuts,2
thandai powder,2
basil,2
of cardamom powder,2
बड़े चम्मच तिल का तेल,2
बड़ा चम्मच लहसुन,2
coriander powder -,2
छोटे चम्मच लहसुन,2
बड़ा चम्मच हरा धनिया,2
बड़ा चम्मच मेथी के दाने,2
छोटा चमच्च काला नमक या सेंधा नमक,2
बड़े चमच्च दूध,2
बड़ा चमच्च सफेद उरद दाल,2
बड़ा चमच्च हरी मिर्च,2
good,2
green food colour,2
pinch lemon zest,2
केला,2
छोटे चम्मच सांबर पाउडर,2
molasses,2
bread,2
बड़े चमच्च सिरका,2
बड़े चमच्च अचार,2
neem flowers,2
1/2 tablespoon butter,2
samosas,2
कप अंकुरित मूंग,2
veeba carrot cucumber sandwich spread,2
white beans,2
sugarcane juice,2
aar maach,2
white garbanzo,2
ग्राम छोटे प्याज,2
गुंटूर लाल मिर्च,2
छोटे चम्मच धनिये के बीज,2
of fenugreek seeds,2
thai sweet chilli sauce,2
छोटा चमच्च कॉर्न फ्लौर,2
कप मूली,2
बड़ा चमच्च खुस खुस,2
छोटे प्याज़,2
dry corn kernals,2
honey dew melon,2
बड़ा चमच्च तिल का तेल,2
gulab jamun,2
sugar -,2
royal cumin,2
canned tuna,2
to 2 bay leaf,2
to 4 tablespoons fresh cream,2
कप छास,2
बड़ा चम्मच राइ,2
बड़ा चम्मच इमली,2
-6 pickled jalapenos,2
red black eyed beans,2
इडली,2
asparagus,2
बड़ा चम्मच अदरक,2
परवल,2
कप ककड़ी,2
dry dates powder,2
छोटे चम्मच शक्कर,2
kalpasi leaves,2
बड़ा चम्मच चना दाल,2
ड्राई फ्रूट्स,2
कप राइ,2
बड़ा चमच्च ओलिव का तेल,2
छोटा चम्मच चना मसाला पाउडर,2
sponge cake slice,2
कप काबुली चन्ना,2
udon noodles,2
छोटा चमच्च अनारदाना,2
कोकम,2
बड़े चमच्च जीरा पाउडर,2
कप शिमला मिर्च,2
छोटे चम्मच गुड़,2
बड़ा चम्मच इमली का पेस्ट,2
बड़ा चम्मच कॉर्न स्टार्च,2
लवंग,2
nachos,2
yellow squash,2
बड़ा चम्मच कॉर्न फ्लौर,2
छोटे चमच्च हल्दी पाउडर,2
कप मेथी के दाने,2
mixed millets,2
छोटे चमच्च कसूरी मेथी,2
कप कढ़ी पत्ता,2
mutton legs,2
pretzels,2
कप सूखा नारियल,2
बड़ा चमच्च क्रीम,2
बड़ी इलाईची,2
छोटा चमच्च उरद दाल,2
छोटा चमच्च सिरका,2
छोटा चम्मच इमली का पेस्ट,2
गुड़,2
कप रोस्टेड चना दाल,2
pinch nutmeg,2
parsnip,2
छोटा चम्मच उरद दाल,2
छोटे चमच्च सफ़ेद उरद दाल,2
छोटे चमच्च इमली का पेस्ट,2
कप ओलिव का तेल,2
कप चना का पानी,2
-10 badam,2
मक्खन,2
pomegranate molasses,2
hog plum,2
कप्स गोभी,2
बड़ा चमच्च गुड,2
छोटे चम्मच तिल,2
कप तेल,2
britannia cheese slice,2
custard apple,2
छोटा चम्मच बेकिंग सोडा,2
lotus seeds,2
बड़े चम्मच दूध,2
छोटा चमच्च क्रीम,2
-7 cashew nuts,2
food color,2
बड़ा चमच्च गेहूं का आटा,2
king fish,2
biryani masala powder,2
बड़े चम्मच पुदीना,2
टहनी बेसिल के पत्ते,2
स्टॉक लेमन ग्रास,2
बड़ा चमच्च प्याज,2
बड़ा चमच्च कश्मीरी लाल मिर्च पाउडर,2
ग्राम सुरन,2
कप्स पानी,2
kali urad dal,2
ग्राम शक्कर,2
ग्राम कच्चा आम,2
vangi bath powder,2
छोटा चमच्च मेथी,2
बड़ा चम्मच सोया सॉस,2
कप हरे प्याज के पत्ते,2
1/2 liter milk,2
groundnut oil,2
छोटा चमच्च गुलाब का पानी,2
whole wheat bread crumbs -,2
gherkins,2
tetley long leaf green tea,2
pineapple essence,2
बड़े चम्मच निम्बू का रस,2
छोटा चम्मच ऑरेगानो,2
सेलरी,2
बड़े चमच्च सरसों का तेल,2
pinch cocoa powder,2
-3 dry red chilli,2
-6 whole black peppercorns,2
-5 shallots,2
whole turmeric,2
बड़े चमच्च जीरा,2
1/2 cup curd,2
कप मैदा,2
alu bukhara,2
बड़े चम्मच मैदा,2
बड़ा चम्मच चावल का आटा,2
thyme leaves,2
बड़ा चम्मच शक्कर,2
coca cola,2
नारियल,2
तिल का तेल,2
to 3 cloves garlic,2
make 3 tomatoes,2
alfalfa sprouts,2
-5 लॉन्ग,2
कप घी,2
कप बड़ी,2
wheat grass powder,2
to 4 spring onion greens,2
lavang,2
ब्रेड क्रम्ब्स,2
heart leaves,2
to 10 cashew nuts,2
बड़ा चमच्च सरसों का तेल,2
green cardamom,2
बड़ा चम्मच अजवाइन,2
arabic,2
del monte green olives,2
-10 button mushrooms,2
macaroni,2
छोटा चमच्च चावल का आटा,2
ग्राम्स पनीर,2
धनिया पाउडर,2
बड़े चम्मच कॉर्न फ्लौर,2
कप इडली चावल,2
passion fruit,2
भिंडी,2
-6 cashew nuts,2
कुलीथ दाल,2
parsley,2
ginger paste,2
phyllo sheets,2
pinch black salt,2
as per use,2
leftover roti,2
baileys irish cream,2
lentil,2
yam,2
kabuli channa,2
बड़ा चमच्च रोस्टेड चना दाल,2
red food color,2
1/2 tablespoons whole wheat flour,2
छोटा चमच्च धनिया के बीज,2
-4 green chilli,2
1/2 cups poha,2
tagliatelle pasta,2
बड़े चम्मच हरे मटर,2
1/2 teaspoon turmeric powder,2
rice ada,2
dabur homemade tamarind paste,2
बड़े चम्मच सफ़ेद उरद दाल,2
oatmeal,2
water -,2
कप जोवार के दाने,2
बड़ा चम्मच जीरा पाउडर,2
ड्रमस्टिक,2
बड़े चमच्च निम्बू का रस,2
थाई बेसिल के पत्ते,2
tea monk oolong tea,2
crackers,2
brie cheese,2
1/2 teaspoon paprika powder,2
chicken sausage,2
छोटे चमच्च तिल का तेल,2
to 12 curry leaves,2
bananas,2
bhaja masala,2
-5 basil leaves,2
-5 green chillies,2
ग्राम्स पालक,2
1/2 tablespoons corn flour,2
to 4 cloves garlic,2
dried raspberries,2
kashmiri rajma,2
dabur homemade coconut milk,2
बड़ा चमच्च सरसो का तेल,2
brahmi leaves,2
garam masala powder -,2
coconut powder,2
ग्राम प्याज,2
छोटा चम्मच मिक्स्ड हर्ब्स,2
बड़ा चमच्च नमक,2
as per the experiment,2
छोटा चमच्च मेथी के बीज,2
to 4 tablespoon sunflower oil,2
nagkesar/cassia buds,2
-3 curry leaves,2
green capsicum,2
oyster sauce,2
shiitake mushrooms,2
napa cabbage,2
beer,2
butterscotch chips,2
chocolate cake,2
shark fish,2
nuggets curry leaves,2
rye bread,2
कप सोया चंक्स,2
maltesers,2
gruyere cheese,2
japanese eggplant,2
छोटे चमच्च सौंफ,2
-2 cloves garlic,2
musk melon,2
-4 whole black peppercorns,2
छोटा चमच्च जायफल,2
kachri,2
arisithipli,2
kandathipli,2
fettuccine pasta,2
del monte penne rigate pasta,2
of chickpea chana or chickpeas,2
swiss cheese,2
soy flour,2
गुलाब के पत्ते,2
bengal gram lentils,2
double beans,2
sesame seeds oil,2
poppy poppy,2
gunde,2
-5 dry red chillies,2
-2 tablespoon ghee,2
star fruit,2
manathakkali kai vathal,2
del monte chifferi rigati pasta,2
orange color,2
quinoa flour,2
orange peel,2
-6 cloves garlic,2
lamb ribs,2
dried neem flowers,2
banana leaves,2
gilka,2
1/2 teaspoon garam masala powder,2
dal sugar powder,2
thai jasmine rice,2
बड़ा चम्मच हल्दी पाउडर,2
citric acid crystals,2
mixed berries,2
chicken masala,2
thin semiya,2
taco seasoning,2
fl oz britannia cream cheese,2
1/2 cup makki ka atta,2
1/2 teaspoons baking powder,2
or 2 green chillies,2
pomegranate sauce,2
-3 spring onion greens,2
-7 dry red chillies,2
- 8 cherry tomatoes,2
to 4 potatoes,2
aam papad,2
1/2 cup sooji,2
छोटे चम्मच जीरा,2
कप गोबी,2
बड़े चमच्च पानी,2
इलाइची पाउडर,2
cajun spice mix,2
spoon coconut,2
-10 cashew nuts,2
to 5 shallots,2
amaranth leaves,2
बड़ा चमच्च दही,2
-10 whole black peppercorns,2
छोटा चम्मच सोया सॉस,2
छोटा चम्मच सिरका,2
कप साबूदाना,2
pickle masala,2
कप चिकन ब्रैस्ट,2
cumin powder -,2
sprouted ragi,2
कप मक्का,2
बड़ा चम्मच कश्मीरी लाल मिर्च पाउडर,2
बड़े चम्मच मसूर दाल,2
-3 cardamom pods/seeds,2
to 7 curry leaves,2
bamboo shoots,2
cotton threads,2
parcels,2
lettuce,2
triple sec,2
tequila,2
to 12 ice cubes,2
लौंग,2
किलो चिकन,2
stalks parsley leaves,2
flat green beans,2
छोटे चमच्च शक्कर,2
pigeonpea,2
pink flesh dragon fruit/pitaya,2
oysters,2
कप मिक्स्ड दाल,2
stalks spinach leaves,2
bisi bele bhat spice powder,2
pinch orange color,2
pinch yellow food colour,2
nylon sabakki,2
black raisins,2
kababchini,2
बड़े चम्मच इमली का पेस्ट,1
बड़ा चम्मच सांबर पाउडर,1
बड़े चमच्च कंडेन्स दूध,1
pinch kashmiri red chilli powder,1
pinch coriander powder,1
pinch cumin powder,1
-2 teaspoons extra virgin olive oil,1
1/2 tablespoon mustard oil,1
-4 cloves,1
ग्राम घी,1
ग्राम सौंफ,1
ग्राम पूरी काली मिर्च,1
ग्राम धनिये के बीज,1
ग्राम अजवाइन,1
ग्राम जीरा,1
ग्राम सोंठ,1
garlic salt,1
whole wheat flour -,1
-2 cherry tomatoes,1
छोटे चम्मच बेसन,1
कली हरा धनिया,1
कली कढ़ी पत्ता,1
ग्राम्स स्वीट कॉर्न,1
mughlai meetha attar,1
naan,1
कप अनारदाना पाउडर,1
अखरोट,1
कप खोया,1
stalks leek,1
mango ginger,1
1/2 cups rajma,1
बड़े चमच्च अनार,1
बड़ा चमच्च खस खस,1
बड़ा चमच्च खरबूजे के बीज,1
-3 cups almond milk,1
adobo sauce,1
pinto beans,1
1/2 कप पानी,1
छोटे चम्मच तंदूरी चिकन मसाला,1
छोटे चम्मच कसूरी मेथी,1
¼ कप टमाटर प्यूरी,1
¼ कप दही,1
कली लॉन्ग,1
-6 roasted peanuts,1
to 6 strawberries,1
छोटा चम्मच बेकिंग पाउडर,1
लौंग लहसुन,1
कप कटहल के बीज,1
maize dalia,1
बड़े चमच्च करी पाउडर,1
1/2 cup vegetable stock,1
बड़े चम्मच जेलेपिनो,1
कप बेसिल,1
कप तरबूज,1
-8 cloves garlic,1
to 2 tablespoons sour cream,1
छोटा चम्मच कॉर्न फ्लौर,1
बड़े चम्मच हरी चटनी,1
-2 teaspoons red chilli powder,1
-5 whole eggs,1
almond oil,1
जायफल पाउडर,1
कप दूध पाउडर,1
बडे चमच्च घी,1
or 2 dry red chilli,1
to 8 pearl onions,1
कप छोटे आलू,1
to 5 green chilli,1
-12 कढ़ी पत्ता,1
बड़े चम्मच चावल का आटा,1
pickle spice,1
raisins -,1
बड़े चम्मच पाइन नट्स,1
बड़ा चम्मच बालसामिक सिरका,1
छोटा चम्मच पैपरिका पाउडर,1
-4 iceberg lettuce,1
केले का स्टेम,1
1/2 cups buttermilk,1
khaman dhokla,1
- 5 spring onion,1
कप चिकन,1
लेटस,1
-2 teaspoons sugar,1
bocconcini cheese,1
stalk parsley leaves,1
fl oz evaporated milk,1
fl oz condensed milk,1
कप सेब,1
कप केला,1
garam masala,1
lemon glaze,1
seven up,1
lb butter,1
-4 tablespoon sour cream,1
-4 corn flour tortilla,1
to 10 curry leaves,1
prune spread,1
cup cheese,1
-3 tablespoons hot water,1
strawberry,1
of strawberries,1
-3 tablespoons ghee,1
pohala fish,1
bourbon biscuits,1
dry kashmiri peppers,1
turkey berries,1
to 15 mint leaves,1
-2 dry red chillies,1
horse gram flour,1
दालचीनी पाउडर,1
छोटा चमच्च पिस्ता,1
छोटे चमच्च सोया सॉस,1
chandi's work,1
take out 1 teaspoon cumin seeds,1
lemon-juice,1
green onion leaves of,1
-8 green chillies,1
ghost chilli peppers,1
-4 tablespoons ghee,1
-6 saffron strands,1
mixed spices,1
fenugreek powder,1
-3 tablespoons coconut milk,1
brown bread,1
of garlic,1
to 3 tablespoons curd,1
to 6 green chillies,1
-9 tomatoes,1
1/2 teaspoons red chilli powder,1
-8 ice cubes,1
whole wheat pizza dough,1
spoon garam masala powder,1
3/4 cup coconut milk,1
clams,1
sauerkraut,1
hash browns,1
honey mustard dressing,1
cashmere red chilli powder,1
ragi cookies,1
jawla fish,1
-15 betel leaves,1
of mutton,1
pita saga,1
छोटे चमच्च खस खस,1
tutti frutti ice cream,1
black currant ice cream,1
1/2 cup hung curd,1
salt -,1
gondhoraj lebu juice,1
gondhoraj lebu lemon,1
dried red chilli,1
dry poppy,1
cayenne,1
of red chili powder,1
1/2 cups rice,1
long long,1
to 4 tablespoons classic mayonnaise,1
ber,1
- 3 sprig parsley leaves,1
- 8 button mushrooms,1
ragi dosa batter,1
kisameys,1
silver work,1
coconut curd,1
cowpea pods,1
rose leaves,1
बड़े चमच्च रोस्टेड चना दाल,1
-6 सुखी लाल मिर्च,1
1/2 इंच अदरक,1
-3 कली लहसुन,1
pinch red chilli flakes,1
alfalfa powder,1
1/2 cup chicken stock,1
small tablespoon raw mango,1
gm curd,1
garlic -,1
few whole black peppercorns,1
4 teaspoons black salt or rock salt,1
little 1/2 teaspoon cumin powder,1
coals,1
kunafa pastry,1
ash gourd chips,1
khichdi,1
to 2 tsp almond milk,1
red chili flakes,1
quail eggs,1
to 3 teaspoons red chilli flakes,1
to 6 spring onion,1
to 500 grams button mushrooms,1
mishti doi,1
drops vanilla extract,1
-3 teaspoons green chilli paste,1
rasgulla syrup,1
pinch rock salt,1
summac,1
sweet piquanté pepper,1
whole black pepper corn,1
provolone cheese,1
handful walnuts,1
1/2 teaspoon mustard seeds,1
pinch garlic powder,1
halloumi cheese,1
बड़े चमच्च नमक,1
बड़े चमच्च ग्रीन चिल्ली सॉस,1
बड़े चमच्च हरे प्याज,1
1/2 teaspoons vanilla extract,1
to 3 saffron strands,1
-4 fresh red chilli -,1
gm pumpkin,1
candied orange peel,1
to 2 teaspoon almond milk,1
pinch kasuri methi,1
-4 tablespoons hung curd,1
kasoori fenugreek,1
chyawanprash,1
recipe pastry dough,1
-3 teaspoon coriander leaves,1
soya sauce,1
cauliflower leaves,1
to 3 garlic,1
peel and chop,1
बड़े चमच्च रेड चिल्ली सॉस,1
small tablespoon oil,1
बड़ा चमच्च हींग,1
गोबी,1
strawberry wafers,1
chocolate wafers,1
बड़े चम्मच केनोला का तेल,1
कप चिकन स्टॉक,1
बड़ा चम्मच स्वीट कॉर्न,1
छोटा चमच्च अचारी मसाला,1
sweet boondi,1
curd -,1
-6 aloo tikki,1
champagne,1
papaya juice,1
guava juice,1
बड़े चम्मच कश्मीरी लाल मिर्च पाउडर,1
pinch kalonji,1
good-powder done,1
peepramul powder,1
dali curry leaves,1
lb oranges,1
lebanese cucumber,1
can bamboo shots,1
½ teaspoon lemon juice,1
1/2 cup sour cream,1
बड़े चम्मच गुड़,1
कप मोठ बीन्स,1
बीन्स,1
ग्राम ओट्स,1
to 5 curry leaves,1
छोटा चमच्च रेड चिल्ली सॉस,1
कप छेडार चीज़,1
कप मक्खन,1
कप सेलरी,1
ग्राम स्ट्रॉबेरी,1
puliodarai powder,1
-3 teaspoons chocolate chips,1
बड़े चमच्च काले तिल,1
मेथी के दाने,1
mexican seasoning,1
to 7 pistachios,1
carrot cake,1
छोटा चम्मच कश्मीरी लाल मिर्च,1
बड़ा चम्मच राजमा,1
italian bread,1
pabda fish,1
1/2 cup digestive biscuit,1
to 10 shallots,1
sourdough bread,1
habenaro sauce,1
छोटे चम्मच अदरक,1
कप संतरे का रस,1
बड़ा चमच्च धंसक मसाला,1
कप नारीयल,1
कप नारीयल का दूध,1
-2 dry red chilli,1
छोटा चमच्च इनो फ्रूट साल्ट,1
-6 capers,1
green chutney -,1
1/2 cup kabuli chana,1
छोटा चम्मच कश्मीरी ग्रीन टी,1
slices britannia cheese block,1
कप सनफ्लॉवर के बीज,1
छोटा चम्मच केसर,1
टहनी हरे प्याज,1
चिकन,1
-3 tablespoons sour cream,1
-6 cups vegetable stock,1
fresno pepper,1
pinch garlic salt,1
कोयला,1
कुकिंग सोडा,1
बड़े चमच्च कॉर्न फ्लौर,1
रतन जोट,1
कप सरसो का तेल,1
छोटा चमच्च लॉन्ग,1
छोटा चमच्च बड़ी इलाइची,1
छोटा चमच्च इलाईची,1
कप दही का चक्का,1
बड़ा चम्मच दूध पाउडर,1
कप ठंडा पानी,1
बड़े चम्मच पेपरमिंट ग्रीन टी,1
कप तरबूज के बीज,1
बड़ा चम्मच दही,1
छोटा चम्मच चावल का आटा,1
नारीयल पानी,1
कप अखरोट,1
बड़े चम्मच क्रीम,1
taro root,1
छोटा चम्मच तेज पत्ता,1
बड़े चम्मच सौंफ,1
छोटे चम्मच सुखी कश्मीरी मिर्च,1
-5 cherry tomatoes,1
टहनी धनिया पाउडर,1
कप्स पालक,1
छोटे चम्मच अदरक लहसुन का पेस्ट,1
ग्राम्स नारियल का दूध,1
छोटा चम्मच गुलाब का पानी,1
मोरिंगा या सहजन की फली,1
ग्राम्स गुंदे,1
long pepper,1
few basil leaves,1
छोटा चमच्च लाल मिर्च,1
बड़ा चम्मच क्रीम,1
कद्दु के पत्ते,1
अदरक लहसुन का पेस्ट,1
-4 basil leaves,1
बड़ा चम्मच उरद दाल,1
कप चॉकलेट बार,1
छोटा चम्मच वनीला एक्सट्रेक्ट,1
कप फ्लैक्स सीड्स पाउडर,1
कप मूंगफली बटर,1
छोटा चमच्च खस खस,1
कप कद्दू के बीज,1
dry red chillies 1 sprig curry leaves,1
g brinjal,1
pinch sichuan peppercorns,1
naga kesar,1
/2 teaspoon fennel,1
ladyfinger,1
-3 tablespoons butter,1
to 20 cashew nuts,1
बड़ा चम्मच सिरका,1
to 7 walnuts,1
to 20 shallots,1
bisleri fonzo,1
ग्राम क्रीम,1
ग्राम अरहर दाल,1
कप काले बीन्स,1
pudina dahi chutney,1
to 4 tablespoon nutralite garlic & oregano spread,1
-2 whole wheat flour,1
छोटे चम्मच सरसों का तेल,1
pinch sea salt,1
kunafa dough,1
reserved water,1
-5 cup water,1
टर्निप्स,1
to 3 spring onion,1
-10 momos,1
puris used for pani puri,1
raw mangoes,1
-4 tablespoons condensed milk,1
1 tablespoon lemon juice,1
बड़े चमच्च रागी का आटा,1
beans,1
बड़े चमच्च इमली का पेस्ट,1
-5 saffron strands,1
-3 drops rose water,1
-2 tablespoon butter,1
छोटा चमच्च नारियल,1
ग्राम्स अमरंथ के पत्ते,1
veeba pizza & pasta sauce,1
great northern beans,1
-4 saffron,1
drain the water,1
green mung,1
lemon-juiced,1
or 2 potatoes,1
congee powder,1
espresso powder,1
-3 tablespoon coriander leaves,1
-6 tablespoons gram flour,1
ice wine,1
cumin seeds powder,1
watermelon rind,1
white,1
grind 2-1 / 2 tablespoons whole pepper,1
- 4 cloves garlic,1
rooh afza sharbat,1
jello,1
बड़े चमच्च चना दाल,1
-3 teaspoons ghee,1
-6 mixed dry fruits,1
candy sugar,1
cardamom pods/seeds -,1
नीम्बू का रस,1
छोटा चमच्च बेकिंग सोडा,1
aubergine,1
dried anardana seeds,1
fried onions,1
poblano chillies,1
-5 brinjal,1
sundried tomatoes,1
sorghum,1
hulled wheat,1
coriander leaves -,1
sugar snap peas,1
guava puree,1
to 5 dry red chillies,1
to 5 hog plum,1
tighten 3 cloves garlic,1
-3 tsp chana dal,1
egg,1
मंगलोरीयन ककड़ी,1
chickpeas spices,1
1/4 cup sugar,1
can condensed milk,1
barbeque masala,1
to 9 green chillies,1
1 sprig of curry leaves,1
of raw mango,1
small teaspoon asafoetida,1
to 3 tablespoons milk,1
-2 tablespoons milk,1
-12 tablespoons instant oats,1
-4 tablespoons cocoa powder,1
-4 tablespoons honey,1
to 1/2 tbsp mint,1
dry mint,1
hung yogurt,1
1 teaspoon coriander powder,1
1/2 cup tender coconut water,1
green tur dal,1
dried chamomile,1
kadhi leaves,1
to 2 tablespoons maple syrup,1
to 3 teaspoons cocoa powder,1
mustard oil -,1
elaichi,1
star anees,1
cassia,1
कप पपिता,1
or 5 कढ़ी पत्ता,1
spoon gram flour,1
mint-finely chopped,1
herring fish steaks,1
few branch green coriander,1
-2 tablespoon pistachios,1
khichdi/pongal,1
-4 tablespoons whole wheat bread crumbs,1
-2 teaspoon whole black peppercorns,1
बड़ा चम्मच सौंफ पाउडर,1
- 4 basil leaves,1
to 16 bhindi,1
pumpkin leaves,1
whiskey,1
tea,1
teaspoon turmeric powder,1
large spoon peanut powder,1
avrekalu,1
to 4 tablespoons thai red curry paste,1
-5 tablespoon extra virgin olive oil,1
route pasta,1
small onion,1
1/2 tablespoon peepramul powder,1
to 4 tablespoons mustard oil,1
strawberry essense,1
strawberry cake,1
1/2 liter vanilla ice cream,1
बर्गर बन,1
-3 बड़े चम्मच हरा धनिया,1
बड़े चम्मच मक्की का आटा,1
artichokes,1
mutton liver,1
1/2 tablespoon curry powder,1
tomatillo,1
radhuni,1
green olive pesto,1
of kalonji seeds,1
1/2 liter chocolate ice cream,1
classic alfredo pasta sauce,1
to 3 lettuce leaves,1
large whole eggs,1
packet britannia cream cheese,1
बड़ा चमच्च पंच फोरन मसाला,1
ग्राम खजूर,1
टहनी रोसमैरी,1
बड़े चमच्च ओलिव का तेल,1
ग्राम चेरी टमाटर,1
बड़े चमच्च कश्मीरी लाल मिर्च पाउडर,1
ग्राम गुड़,1
कटोरी अंकुरित दाल,1
-8 del monte black olives,1
powder,1
cheetos,1
few mint leaves,1
dry green mango,1
few sprig mint leaves,1
to 3 सुखी लाल मिर्च,1
to 6 किसमिस,1
-2 सुखी लाल मिर्च,1
सूखा नारियल,1
agathi keerai,1
mint rice,1
aloo tikki,1
छोटे चमच्च जीरा पाउडर,1
-4 cherry tomatoes,1
to 12 button mushrooms,1
+1/2 cup maple syrup,1
to 4 tablespoons cheese,1
-3 tablespoon cumin seeds,1
rusk,1
छोटा चम्मच रोसमेरी,1
कप किनुआ,1
onion 6 cloves garlic,1
red chilli,1
celery -,1
dried peas,1
dried mushrooms,1
lima beans,1
बड़ा चम्मच पुदीना,1
mandi,1
few spring onion,1
बड़े चम्मच अरहर दाल,1
namak para,1
-4 tablespoon condensed milk,1
as much as water,1
-10 strawberries,1
cherry preserve /jam,1
papdi puri,1
कमल ककड़ी,1
1/4 teaspoon baking powder,1
-14 whole black peppercorns,1
red chilli sauce -,1
-2 tablespoons chana dal,1
mixed grains,1
1/2 tablespoon dessicated coconut,1
serrano pepper,1
grind 1 whole pepper,1
white peas,1
stock lemongrass,1
to 4 बड़े चमच्च घी,1
कप कमल ककड़ी,1
कप मूली के पत्ते,1
reacheado masala,1
khurchan,1
छोटा चमच्च अनारदाना पाउडर,1
बड़ा चमच्च अमचूर,1
to 12 snow peas,1
-5 teaspoons extra virgin olive oil,1
-2 teaspoons dried basil leaves,1
-5 cups idli dosa batter,1
bhang paste,1
बड़े चमच्च टमाटर प्यूरी,1
बड़े चमच्च टमाटर केचप,1
-8 लहसुन,1
बड़े चमच्च सत्तू का आटा,1
-15 basil leaves,1
-5 baby corn,1
-10 cherry tomatoes,1
छोटे चमच्च नारियल,1
pinch kala jeera,1
wangi bhat powder,1
to 15 cashews,1
to 8 brinjals,1
kenua,1
1/2 whole wheat flour,1
peruvian beans,1
papad khar,1
बड़े चम्मच मूंगफली,1
छोटा चम्मच काली उरद दाल,1
nilla cookies,1
बड़ा चम्मच गुड़,1
छोटा चमच्च दालचीनी पाउडर,1
orzo pasta,1
बड़ा चमच्च सूखा नारियल,1
ग्राम्स हरा बीन्स,1
-5 cloves,1
botis,1
horlicks,1
spoon lemon juice,1
-1/2 teaspoon salt,1
1/4 cups rolled oats,1
- 3 sprig dill leaves,1
- 5 parsley leaves,1
- 4 parsley leaves,1
matzo meal,1
lamb trotters,1
1/2 cups hot water,1
makhana,1
1/2 cups sunflower oil,1
1/2 cup baby potatoes,1
round flower,1
small spoon oil,1
-4 tablespoons extra virgin olive oil,1
loaf french bread,1
to 12 strawberries,1
1/2 teaspoons coriander powder,1
-5 dry red chilies,1
mixed masala,1
del monte tricolour spirali pasta,1
छोटे चमच्च गरम मसाला पाउडर,1
-6 mint leaves,1
1/2 cups foxtail millet,1
-3 tablespoons groundnut powder,1
bajra dosa batter,1
this galangal,1
stock lemon grass,1
cast curry leaves,1
mozzarella cheese -,1
to 10 cloves garlic,1
tender mango,1
chaat masala powder -,1
छोटा चमच्च इमली,1
veeba burger mayonnaise,1
gm amaranth leaves,1
kadhi masala,1
preserved pineapple,1
कप्स कद्दू,1
to 7 pointed gourd,1
spoon coriander leaves,1
white wine,1
अमचूर,1
1/2 cup rice rava,1
-4 tablespoon rice flour,1
छोटा चमच्च मूंगफली पाउडर,1
tछोटा चमच्च गोडा मसाला,1
काली चाय,1
बड़े चमच्च लाल मिर्च पाउडर,1
बड़े चमच्च अनारदाना,1
instant dosa mix powder,1
1/2 cups chocolate wafers,1
3/4 cups condensed milk,1
1/2 cups chocolate chips,1
english mustard sauce,1
- 3 sprig coriander leaves,1
few pistachios,1
कप अदरक,1
कंटोल,1
लाइम फली,1
कप ऐश लौकी,1
कप रतालू,1
अरबी,1
फलिया,1
pinch whole black peppercorns,1
gram chana masala powder,1
-8 pistachios,1
छोटा चमच्च पैपरिका पाउडर,1
recipe chocolate ganache,1
1/2 tablespoons sunflower oil,1
टहनी हरा चना,1
to 3 tablespoon saoji masala,1
risotto rice,1
बड़े चमच्च धनिया पाउडर,1
pinch lemon juice,1
बड़े चमच्च किसमिस,1
दगडफूल,1
कप खस खस,1
1/2 cups gram flour,1
gochujang,1
kimchi,1
बड़े चमच्च हरी मूंग दाल,1
दही,1
लहसुन चटनी,1
इमली की चटनी,1
हरी चटनी,1
कप सेव,1
ग्राम सिंघाड़े का आटा,1
make 1/2 cup onion,1
cumene seeds,1
kohl rabi,1
pork sausage,1
अचार का मसाला,1
छोटे चमच्च तिल,1
छोटे चमच्च कास्टर शक्कर,1
orange bell pepper,1
+1/3 cups sugar,1
lb phyllo dough,1
soy sauce -,1
to 6 कढ़ी पत्ता,1
छोटे चमच्च हींग,1
पार्सले,1
बड़े चम्मच टहीनी,1
मोज़रेला चीज़,1
कप रेड चिल्ली फलैक्स,1
beetroot puree,1
बड़ा चमच्च मिर्ची पाउडर,1
तेजपत्ता,1
गोल सुखी लाल मिर्च,1
purple yam,1
cape gooseberries,1
बड़ा चमच्च मूंगफली बटर,1
roomali roti,1
walking catfish,1
बड़े चमच्च किशमिश,1
-5 spring onion greens,1
-6 tablespoon icing sugar,1
-3 tablespoon brown sugar,1
-4 tablespoon caster sugar,1
-6 tablespoon butter,1
pinch jaggery,1
बड़ा चमच्च इमली की चटनी,1
बड़ा चमच्च चावल का आटा,1
बड़ा चमच्च मैदा,1
ग्राम आमला,1
बड़ा चम्मच रेड चिल्ली सॉस,1
बड़ा चम्मच टमाटर केचप,1
palm fruit,1
छोटा चमच्च टमाटर,1
छोटा चमच्च कलौंजी के बीज,1
बड़े चमच्च सरसो का तेल,1
फूल गोबी,1
1/2 teaspoon ginger garlic paste,1
bimbla,1
brown rice flakes,1
cinnamon sugar,1
-2 tablespoons pickled jalapenos,1
-6 fish fillet,1
मेथी,1
- 6 artichokes,1
बड़े चमच्च चावल,1
-3 tablespoon mustard oil,1
lb fish fillet,1
कप हंग,1
बड़े चम्मच लाल मिर्च पाउडर,1
बड़े चम्मच गरम मसाला पाउडर,1
-5 tablespoon butter,1
-8 chocolate wafers,1
-8 bourbon biscuits,1
mustard flowers,1
छोटा चमच्च नारियल तेल,1
-8 whole black peppercorns,1
बड़ा चमच्च हरी चटनी,1
कप सुरन,1
ग्राम्स छोटे आलू,1
to 4 dry red chilli,1
to 6 whole black peppercorns,1
कप अंकुरित दाल,1
ranch sauce,1
udupi sambar powder,1
red mustard seeds,1
1/2 teaspoons gram flour,1
बड़ा चम्मच ब्राउन शक्कर,1
ज़ुकिनी,1
बड़े चम्मच थाई ग्रीन करी पेस्ट,1
1/2 tablespoon sweet chutney,1
1/2 tablespoon lahsun ki chutney,1
stalks knol khol leaves,1
to 3 tablespoons sesame seeds,1
+ 2 बड़ा चमच्च तेल,1
अमरुद,1
किसमिस,1
बड़े चमच्च चॉकलेट चिप्स,1
ग्राम हरे मटर,1
hard taco shells -,1
mango shrikhand,1
to 2 tablespoons extra virgin olive oil,1
बड़ा चमच्च ग्रीन चिल्ली सॉस,1
बड़े चमच्च हरे प्याज के पत्ते,1
chivda,1
to 5 button mushrooms,1
to 2 whole black peppercorns,1
dal stock,1
to 5 cardamom pods/seeds,1
कप कच्चा केला,1
चना दाल,1
छोटा चम्मच नारियल,1
छोटा चम्मच धनिया के बीज,1
चिचिंदा,1
pinch cumin seeds,1
stalks asparagus,1
chana stock,1
prune,1
chickpea lentil,1
dry red chilli -,1
1/2 teaspoon salt,1
1/2 cup all purpose flour -,1
bhakarwdis,1
kinua,1
black beans sauce,1
of olive oil,1
tablespoon badam,1
tablespoon dates,1
yakisoba noodles,1
cut into 1 निकल4 cup water,1
1/4 cups cashew nuts,1
of trumpet,1
-5 red chillies,1
-10 brinjals,1
granulated sugar,1
to 8 saffron strands,1
to 3 tablespoons ghee,1
- 6 mint leaves,1
english cucumbers,1
orange juice,1
pinch हींग,1
काली उरद दाल,1
-4 apples,1
tablespoon cumin powder,1
manathakkali keerai,1
gm arhar dal,1
- 3 sprig chives,1
- 3 sprig sage,1
-8 green beans,1
to 25 badam,1
-20 raisins,1
-20 cashew nuts,1
dark rum,1
pita chips,1
to 7 cloves garlic,1
mint pesto,1
teaspoon raisins,1
teaspoon cashew nuts,1
to 8 cashew nuts,1
छोटा चम्मच रेड चिल्ली सॉस,1
बड़ा चमच्च चावल का सिरका,1
बड़ा चमच्च सोया सॉस,1
स्टॉक सेलरी,1
थाई रेड चिल्ली,1
+1/4 hung curd,1
बड़ा चमच्च मलाई,1
छोटे चमच्च निम्बू का रस,1
to 2 tablespoon milk,1
cardamom powder -,1
parshe,1
-4 tablespoons red chilli sauce,1
-3 fresh red chilli,1
cheese cubes,1
- 8 fresh figs,1
¼ cup mint leaves,1
ग्राम हक्का नूडल्स,1
emami rice bran oil,1
sun dried tomato pesto,1
-2 teaspoons malt vinegar,1
¼ cup gram flour,1
few sprig fresh thyme leaves,1
-4 sun dried tomatoes,1
veeba sriracha sauce,1
chai masala,1
raw rice,1
mangoes,1
pinch kosher salt,1
gm chicken,1
few टहनी हरा धनिया,1
to 8 curry leaves,1
-3 cups spinach,1
बड़े चमच्च सूखा नारियल,1
बड़ा चमच्च काली उरद दाल,1
1/2 tablespoons gram flour,1
gms cottage cheese,1
soda,1
lime juice,1
-1 1/2 cups water,1
big teaspoon kashmiri red chilli,1
jackfruit,1
grind 1 tablespoon jaggery,1
-6 lima beans,1
petha pumpkin,1
chawla pods,1
raw bananas,1
-3 tablespoons fresh coconut,1
बड़े चम्मच हल्दी पाउडर,1
बड़े चम्मच हींग,1
apple puree,1
flaxseed powder,1
बड़ा चम्मच चाट मसाला पाउडर,1
बड़ा चम्मच अमचूर,1
whole black peppercorns -,1
1/2 cups avarekalu / lilva beans,1
1/4 cups sooji,1
बड़ा चमच्च दूध,1
-2 tablespoon chocolate chips,1
ziti pasta,1
- 1 cup jaggery,1
green coriander-cut,1
mint-cut,1
ग्राम मूंगफली,1
बड़ा चमच्च सोयाा सॉस,1
ग्राम्स टोफू,1
बड़े चम्मच शिमला मिर्च,1
1/2 tablespoons garlic,1
1/2 tablespoons ginger,1
1/2 cups seeraga samba rice,1
बड़े चम्मच प्याज,1
to 8 काजू,1
+1/4 हंग दही,1
or 2 coal,1
bacon,1
beef,1
to 15 pearl onions,1
ग्राम लौकी,1
few dill leaves,1
phyllo tartlet cups,1
-3 tablespoon rice flour,1
-4 tablespoon tofu,1
soft taco shells,1
aamras,1
to 6 raisins,1
tea monk bodh second flush black tea,1
yellow food colour,1
छोटा चम्मच राई,1
छोटा चम्मच लहसुन,1
कप अवरेकालू,1
elbow pasta,1
orange blossom water,1
काफिर लाइम के पत्ते,1
इंच गलंगल,1
टहनी लेमन ग्रास,1
वेजिटेबल स्टॉक,1
to 6 marie biscuit,1
margarine,1
-2 teaspoons spring onion greens,1
-2 tablespoons dried oregano,1
recipe all purpose pie crust,1
large carrot,1
शहद,1
cherry compote,1
to 6 idli,1
-4 tablespoons milk,1
बड़ा चमच्च इमली,1
ग्राम भिन्डी,1
-6 tablespoons sunflower oil,1
-4 tablespoons salt,1
dried turmeric,1
-7 burger buns,1
छोटी चमच्च धनिया पाउडर,1
छोटी चमच्च जीरा पाउडर,1
छोटी चमच्च अदरक लहसुन का पेस्ट,1
छोटी चमच्च शाही जीरा,1
-12 बटन मशरुम,1
to 3 teaspoons green chilli,1
-12 cups water,1
1/2 teaspoon red chilli powder,1
purple carrots,1
to 5 tablespoons buttermilk,1
-2 छोटे चमच्च लाल मिर्च पाउडर,1
-5 अंडे,1
बड़े चम्मच नारियल पाउडर,1
बड़ा चम्मच जीरा,1
to 3 tablespoon coriander leaves,1
छोटा चमच्च ओलिव का तेल,1
dragon fruit,1
बड़े चमच्च अदरक लहसुन का पेस्ट,1
बड़े चमच्च हरा मटर,1
बेकिंग सोडा,1
कप ड्रमस्टिक के पत्ते,1
ग्राम स्वीट कॉर्न,1
बड़ा चमच्च बेकिंग सोडा,1
बड़ा चमच्च वनीला एक्सट्रेक्ट,1
कप कॉर्न सिरप,1
छोटा चमच्च ऑरेगानो,1
छोटा चमच्च रोसमैरी,1
बड़े चमच्च टबास्को सॉस,1
चुटकी शक्कर,1
बड़ा चमचच काजू,1
छोटी चमच्च लाल मिर्च,1
छोटी चमच्च गरम मसाला पाउडर,1
-4 teaspoons fresh coconut,1
kisamis,1
बड़े चमच्च हींग,1
इंच हल्दी,1
-15 whole black peppercorns,1
चुटकी भर शक्कर,1
बड़े चमच्च कोल्हापुरी खन्दा लहसुन मसाला,1
-7 green chillies,1
mango juice,1
cake mix,1
छोटा चम्मच रेड चिल्ली फलैक्स,1
-6 dried figs,1
chikki,1
strawberry jam,1
kalamata olives,1
to 2 tablespoons fresh coconut,1
to 3 tablespoons green peas,1
ginger cookies,1
-10 teaspoon sugar,1
peel,1
-3 kashmiri dry red chillies,1
tikka masala,1
black chili powder,1
gm small potatoes,1
sama flour,1
sweet corn -,1
peanut powder,1
hung-fat,1
cream of tartar,1
1/2 tablespoon corn flour,1
green peppers,1
1/2 teaspoon vanilla extract,1
-5 teaspoon broken wheat,1
-3 teaspoons horse gram dal,1
loose leaf tea,1
red khara sev,1
soba noodles,1
stalk lemongrass,1
multigrain digestive ragi biscuits,1
kashmiri red chili powder,1
make 2 tablespoons ginger,1
gm mutton,1
-4 drops orange essence,1
इनो फ्रूट साल्ट,1
silver balls,1
-3 tablespoons nolen gur,1
1/2 + 1/2 cups milk,1
to 5 cashew nuts,1
ginger ale,1
apple juice,1
+ 1 onion,1
-4 garlic,1
- 1 1/4 cups water,1
strawberry vodka,1
pimiento-stuffed green olives,1
of arhar dal,1
gongura,1
small tablespoon cinnamon powder,1
1/4 cups whole wheat flour,1
spoon chaat masala powder,1
castor sugar,1
of casmis,1
uncooked bananas,1
-3 teaspoons coriander seeds,1
groundnut,1
1/2 tablespoons coriander seeds,1
-5 fresh red chilli,1
-10 brinjal,1
to 2 tablespoons rice flour,1
+1 teaspoon red chilli powder,1
+2 tablespoons sesame seeds,1
1 teaspoon asafoetida,1
teaspoon celery,1
blueberry jam,1
- 6 cherry tomatoes,1
gm chhedar cheese,1
chickpea lentils -,1
tava paratha,1
salt 200 g paneer as per taste,1
bud long,1
lady fish,1
to 3 tablespoons homemade pizza and pasta sauce,1
-8 tablespoons water,1
kapok bud,1
crepes,1
-3 cups sunflower oil,1
-10 whole wheat brown bread,1
1/2 cups basmati rice,1
tortilla,1
jalepino,1
zucchini,1
gleppino,1
to 1/2 tablespoons mint leaves,1
-15 whole black pepper,1
spoon coriander seeds,1
कप पाइनएप्पल,1
chicken ham,1
golden harvest sona masuri rice,1
to 4 whole black peppercorns,1
to 3 tablespoons mustard oil,1
small onion sambar ones,1
small onion sambar,1
to 4 spring onion,1
to 10 rice paper rolls,1
बड़े चमच्च हरी मिर्च,1
बड़े चमच्च मेथी के दाने,1
-2 tablespoon honey,1
-4 dry red chilli,1
बड़े चम्मच अनार के दाने,1
बड़े चम्मच गुलाब का पानी,1
नोंगु,1
corn chips,1
lemon juice -,1
grand marnier,1
sherry,1
spinach basil sauce,1
- 3 saffron strands,1
-3 tablespoons anardana powder,1
to 6 dry red chillies,1
1/2 tablespoon coriander seeds,1
to 4 cardamom powder,1
-1 1/2 cups rice,1
-1 1/2 cups mango,1
– 3/4 cup lukewarm water,1
1/2 teaspoon brown sugar,1
-8 strawberries,1
-3 tablespoon water,1
lemon salt,1
brandy,1
1/2 cup sweet potatoes,1
carp fish,1
-6 raw peanuts,1
few roasted peanuts,1
-2 cups hot water,1
foxtail millet flour,1
स्नेक गॉर्ड,1
1/2 cup milk,1
बड़े चमच्च केन शक्कर,1
कप नारियल पाउडर,1
khus syrup,1
छोटे चम्मच पुदीना,1
बड़ा चमच्च रसम पाउडर,1
हरा सेब,1
1/2 tablespoon ginger,1
wood,1
1/2 cups vellai poosanikai,1
garlic chutney,1
shrikhand,1
small spoon roasted tomato sauce,1
medu vada,1
बड़े चम्मच तंदूरी मसाला,1
ग्राम गोभी,1
-2 green chilli,1
1/2 cups mixed vegetables,1
1/2 cup hakka noodles,1
ragi rava,1
-7 choco thins,1
-7 blueberries,1
किलो गोभी,1
-1 tablespoon lemon juice,1
- 5 spring onion greens,1
to 15 sun dried tomatoes,1
sambal oelek,1
-3 sprig curry leaves,1
- 3 cloves garlic,1
छोटा चमच्च मसूर दाल,1
पिली ककड़ी,1
छोटे चमच्च नारियल का तेल,1
mustard seeds -,1
छोटा चमच्च अरहर दाल,1
1/2 tablespoon lemongrass,1
to 7 green chillies,1
छोटा चमच्च पुरे काली मिर्च मकई,1
rice water,1
1/2 cups drumstick leaves,1
छोटे चम्मच शिमला मिर्च,1
spoon turmeric powder,1
large spoon lemon juice,1
beetroot greens,1
कप पास्ता,1
बड़े चम्मच अचारी मेयो,1
चिकन ब्रैस्ट,1
छोटा चम्मच गार्लिक और ओरेगानो स्प्रेड,1
slider bun,1
to 6 हरी मिर्च,1
-2 tablespoons sunflower seeds,1
puffed grains,1
-2 red radish,1
-2 tablespoons sunflower oil,1
बड़ा चमच्च अजवाइन,1
ग्राम्स अरबी,1
1/2 teaspoon butter,1
¼ cup homemade tomato puree,1
chamomile tea,1
matcha powder,1
dried shrimps,1
1/2 inch ginger,1
aachi fish masala,1
raspberry compote,1
कप्स काला चना,1
pumpkin flowers,1
or 2 fresh red chillies,1
small tablespoon coriander powder,1
apple vodka,1
wheat grass,1
horse,1
-5 dates,1
of suran,1
tea monk seiki peppermint green tea,1
sweetened coconut flakes,1
-3 tablespoon extra virgin olive oil,1
1/2 cups kabuli chana,1
of lemon juice,1
g potato,1
bourbon,1
spoon oil,1
knoll knoll leaves,1
knoll knoll,1
क्रीम,1
to 12 dry red chillies,1
पत्ते हरा धनिया,1
कप चीज़,1
tandoori chicken masala,1
¼ cup curd,1
a pinch kashmiri red chilli powder,1
grapefruit,1
hazelnut meal,1
of batua,1
cardamom crush,1
small spoon black pepper powder,1
of thyme leaves,1
-5 badam,1
-5 raisins,1
apple juice -,1
to 5 whole black peppercorns,1
बड़े चमच्च तिल,1
तिल,1
छोटे चमच्च कश्मीरी लाल मिर्च पाउडर,1
बड़े चमच्च सांबर पाउडर,1
curry garlic,1
olive,1
gm amla,1
green coffee beans,1
fresh jasmine buds,1
parseley,1
nando's peri peri chicken sauce,1
small tablespoon red chili powder,1
-3 basil leaves,1
dal curry leaves,1
-7 whole black pepper,1
-3 dry red chilies,1
black cumin,1
to 3 teaspoons coriander leaves,1
crab,1
goji berries,1
fox nuts,1
1/2 teaspoon dried oregano,1
coconut flour,1
barley flour,1
-4 sprig chives,1
-6 potato,1
ash gourd,1
tea leaf,1
½ inch cinnamon stick,1
छोटा चमच्च अदरक लहसुन पेस्ट,1
-2 teaspoons red wine,1
bhindi/okra/vendaikkai,1
हल्दी,1
-6 black olives,1
1/4 cup white urad dal,1
stalks rasna,1
of feta cheese,1
or 2 yellow food colour,1
ice cream cone,1
tender coconut meat,1
small teaspoon cumin,1
1 tsp oil,1
sweet paan mix,1
beetroot juice,1
to 8 walnuts,1
to 3 teaspoons extra virgin olive oil,1
few sprig parsley leaves,1
few sprig purple basil,1
few sprig basil leaves,1
1/2 cup spinach leaves,1
turmeric leaves,1
- 5 cloves garlic,1
fennel leaves,1
to 12 green beans,1
basella,1
-8 saffron strands,1
runner beans,1
कप नारियल का पानी,1
-4 mango,1
processed cheese,1
बड़े चमच्च मक्की का आटा,1
ग्राम सरसों,1
lychee,1
mango coulis,1
butterscotch ice cream,1
whole wheat oatmeal cookies,1
-4 cups malabar spinach leaves,1
-8 tablespoons cocoa powder,1
pinch raita masala,1
pork belly,1
बेकिंग पाउडर,1
छोटा चमच्च मैदा,1
onion rings,1
टहनी थाई बेसिल के पत्ते,1
छोटा चम्मच करी पाउडर,1
बड़ा चम्मच लेमन ग्रास,1
बड़े चम्मच ओलिव का तेल,1
to 4 tablespoon ghee,1
turkey berry,1
-4 shallots,1
-5 thai basil leaves,1
to 10 hard taco shells,1
बड़ा चमच्च इमली का पानी,1
-6 bimbla,1
spring onion bulbs,1
1/2 teaspoons mustard seeds,1
छोटे चमच्च मेथी के दाने,1
ग्राम्स कच्चा टमाटर,1
-12 mint leaves,1
-20 parsley leaves,1
-6 sichuan peppercorns,1
-7 cherry tomatoes,1
-20 red amaranth leaves,1
बड़ा चमच्च मल्टीग्रेन आटा,1
कप टोफू,1
कप ज़ुकिनी,1
बड़ा चम्मच काजू,1
कप किशमिश,1
-,1
छोटे चम्मच सौंफ,1
chinese rice wine,1
kataifi dough,1
wood apple,1
1//4 cups sugar,1
-4 tablespoons butter,1
cut 3 sprigs of mint,1
make 1 cup tomato-puree,1
-4 plum rose fruit,1
बड़ा चमच्च तेल -,1
बड़ा चमच्च किशमिश,1
कप गुड़ -,1
to 3 tablespoons gram flour,1
to 1 1/4 cabbage,1
pandan leaf,1
छोटे टमाटर,1
ग्राम वीट ग्रास,1
pumpkin pasta sauce,1
fruit,1
salt and pepper -,1
small spoon nutmeg powder,1
stone flowers,1
kitkat bars,1
बड़े चम्मच मेथी के दाने,1
long string bean,1
- 4 कली लहसुन,1
- 2 हरी मिर्च,1
- 6 कढ़ी पत्ता,1
plum sauce,1
green tea leaves,1
1/2 teaspoon extra virgin olive oil,1
छोटे आलू,1
to 4 drumstick,1
ice apple,1
1/2 tablespoons instant oats,1
slices whole wheat brown bread,1
to 3 cups water,1
बड़े चमच्च चाट मसाला पाउडर,1
बड़ा चमच्च फ्लैक्स सीड्स पाउडर,1
homemade pizza dough,1
-5 beetroot,1
red chilli powder -,1
punjabi aloo samosa,1
chinese potato,1
bread loaf,1
spoon whole black pepper,1
scoop vanilla ice cream,1
m&m’s chocolate candies,1
dry red peppers,1
1/2 cups yogurt,1
-5 button mushrooms,1
-3 clove garlic,1
horse-powder,1
pheni,1
stock green coriander,1
yield,1
byadagi chilli powder,1
1/2 tablespoons butter,1
rice puttu,1
to 3 sprig coriander leaves,1
-15 curry leaves,1
-2 jackfruit ripe,1
mash,1
-3 tablespoon sunflower oil,1
shell pasta,1
chickpea sprouts,1
-2 teaspoons mango pickle,1
turmeric powder -,1
किलो टमाटर,1
parcel,1
gm button mushrooms,1
to 12 badam,1
1/2 cups sooji,1
nuggets coriander,1
nutmeg powder -,1
gms hen,1
कप बादाम पाउडर,1
flower cabbage,1
1/2 cup rice flour,1
to 15 cashew nuts,1
to 8 brinjal,1
betel nut,1
1/2 cups vivatta maida,1
hariyali chicken tikka,1
lentil water,1
gms cheese,1
kachris,1
spoon cumin powder,1
ginger-paste,1
curd vada,1
crab meat,1
wonton wraps,1
small spoon rye,1
tur dal or chana dal,1
homemade mole sauce,1
of curry leaves,1
crush 1/2 cup gram flour,1
gm makhana,1
-3 teaspoons arhar dal,1
1/2 cups mango pulp,1
grind,1
crush 1/2 tsp whole pepper,1
grind 1 tbsp whole black pepper,1
कप इमली का पेस्ट,1
colostrum,1
large spoon ghee,1
cups water,1
white hibiscus leaves,1
-10 nachos,1
-8 tofu,1
stock celery,1
-5 garlic,1
- 12 onions,1
jelly mix,1
कप तरबूज़ का रस,1
बड़े चम्मच वाइट टी,1
2 tsp cumin seeds,1
-5 teaspoon raisins,1
urad dal papad,1
mayo,1
bread crutons,1
small tomatoes,1
vanilla extract -,1
छोटा चमच्च asafoetida,1
छोटे चमच्च mustard seeds,1
बड़े चमच्च sunflower oil,1
कली garlic,1
बड़े चमच्च पिस्ता,1
butternut squash,1
falsa,1
to 3 tablespoons karela,1
bean paste,1
roasted chana lentils,1
goond,1
-5 black pepper powder,1
pink food colour,1
-2 छोटा चमच्च दही,1
छोटा चमच्च इमली का पानी,1
-3 garlic,1
बड़े चम्मच धनिया पाउडर,1
ग्राम किंग फिश,1
ग्राम झंगोरा,1
1/2 tablespoon coriander powder,1
- 1/2 cup spinach leaves,1
4 teaspoons turmeric powder,1
टहनी बेसिल,1
to 3 tablespoons extra virgin olive oil,1
-10 mixed nuts,1
+ 1 tablespoon coconut oil,1
or 4 green chillies,1
fistful green peas,1
-3 green bell pepper,1
corn syrup,1
1/2 cup jowar flour,1
खुबानी,1
छोटा चमच्च सरसों का तेल,1
soup buns,1
कप बीटरूट,1
कप शकरकंदी,1
few ice cubes,1
- 4 cups water,1
lavender flowers,1
ada,1
1/2 cups methi leaves,1
clamps,1
to 3 tablespoons hung curd,1
to 4 cucumber,1
1/2 cups kale,1
canned beans,1
to 12 saffron strands,1
- 4 sprig coriander leaves,1
छोटा चम्मच तिल का तेल,1
छोटा चमच्च कुकिंग सोडा,1
बड़े चमच्च पनीर,1
ग्राम कुलीथ दाल,1
few cashew nuts,1
-3 tablespoons dry coconut,1
-3 tablespoons vangi bath powder,1
1/2 cups fresh cream,1
submarine bread,1
sundkai,1
-6 sweet potatoes,1
+ 2 tablespoon sunflower oil,1
-8 garlic,1
pinch ajwain,1
grape juice,1
-3 teaspoon chana dal,1
बड़ा चम्मच रेड चिल्ली फलैक्स,1
to 12 स्ट्रॉबेरी,1
छोटे चमच्च अदरक पाउडर,1
to 7 cloves cloves,1
to 5 brinjal,1
ग्राम दही,1
इमली का पेस्ट,1
जावित्री,1
कपोक बड,1
छोटा चम्मच शाही जीरा,1
बड़े चम्मच अदरक लहसुन का पेस्ट,1
as much as 1/4 tsp rye,1
to 3 whole black peppercorns,1
gms fenugreek,1
thandai syrup,1
कप चिचिंडा,1
-4 हरी मिर्च,1
pastry dough,1
ग्राम्स बीटरूट,1
-5 dry red chilli,1
कप रागी सेमिया,1
-1 cup green moong sprouts,1
-4 tablespoon butter,1
-1 cup milk chocolate,1
to 6 tablespoons condensed milk,1
-15 mint leaves,1
g spinach,1
1/2 teaspoon mustard,1
-7 whole black peppercorns,1
-8 सुखी लाल मिर्च,1
बड़े चम्मच साम्बा चावल,1
कप बाजरे का आटा,1
कप कोडो मिलेट,1
g small potatoes,1
cast coriander,1
rose syrup,1
-6 red radish,1
small teaspoon turmeric powder,1
gongura leaves,1
handful rice flour,1
-10 mint leaves,1
mess,1
cherries,1
4 tsp asafoetida,1
roti,1
small spoon cumin powder,1
-6 cumin seeds,1
coriander leaves finely chopped salt,1
-7 curry leaves,1
-8 dry red chillies,1
spoon,1
-3 ब्लैकबेरी,1
संतरा,1
पालक,1
to 12 whole black peppercorns,1
til oil,1
bitter sweet chocolate,1
french fries,1
fried rice,1
teriyaki sauce,1
tighten it,1
to 6 green beans,1
gm arabic leaves,1
1/2 cup green zucchini,1
1/4 teaspoon active dry yeast,1
leaf,1
panchon masala,1
char magaz,1
tamarind sauce,1
samvat rice,1
ras el hanout spice blend,1
cluster fig,1
-4 saffron strands,1
as per taste rye,1
maize flour,1
pachranga pickle,1
chisemis,1
छोटे चमच्च गेहूं का आटा,1
कप सौंफ,1
+ 1 teaspoon red chilli powder,1
+ 2 large tablespoon sesame,1
to 4 tbsp cream,1
-5 tablespoons extra virgin olive oil,1
squid,1
seaweed sheets,1
chilly flax,1
as per taste tamarind paste,1
pinch cayenne pepper,1
handful mixed nuts,1
mussels,1
कड़ी पत्ता,1
ग्राम्स टिन्डोरा,1
cranberry juice,1
pinch methi powder,1
arabica,1
to 3 papad,1
spoon peanuts,1
peel and then grind,1
fresh rose petals,1
gm parwal,1
sprouts,1
1/2 बड़ा चमच्च नारियल पाउडर,1
ग्राम आलू,1
to 12 पूरी काली मिर्च,1
-20 soy chunks,1
छोटा चमच्च ग्लूकोस,1
फिटकरी,1
masauras,1
ब्रेड क्रुटोन्स,1
-9 टमाटर,1
chinese cabbage,1
oil-wise,1
+ 1 teaspoon instant coffee powder,1
छोटा चमच्च टमाटर केचप,1
ker,1
sangri,1
ग्राम ड्रमस्टिक के पत्ते,1
tomato-puree,1
make 1/2 teaspoon cumin seeds,1
सेव,1
मुरमुरा,1
कप इमली की चटनी,1
कप हरी चटनी,1
बोटी,1
soya chaap,1
oats dosa batter,1
छोटा चम्मच नारियल पाउडर,1
1/2 छोटा चम्मच राइ,1
छोटा चमच्च दही,1
छोटा चमच्च कश्मीरी लाल मिर्च,1
नोल नोल,1
नटमेग पाउडर,1
छोटा चम्मच सरसों का तेल,1
acorn squash,1
ragi dosa battter,1
guntur red chillies,1
kulith dal,1
to 2 tablespoons dark chocolate chips,1
कप सूखा पुदीना,1
किलो दही,1
कप सरसों का तेल,1
lion dates syrup,1
coconut flakes,1
छोटा चमच्च बेसन,1
thattai,1
ग्राम्स अगथि कीरई,1
+1/2 कप पानी,1
shortbread cookies,1
ग्राम प्रॉन,1
kachampuli,1
-5 सुखी लाल मिर्च,1
बड़ा चम्मच तिल,1
french beans,1
बड़े चम्मच अमचूर,1
छोटे चम्मच काला नमक या सेंधा नमक,1
बड़े चम्मच जीरा,1
idiyappam,1
नारियल का पानी,1
weet bix,1
pili moong dal,1
dulce de leche,1
बड़े चम्मच रागी का आटा,1
- 8 cashew nuts,1
- 3 tomatoes,1
- 6 green chillies,1
-4 tablespoons lemon juice,1
1/2 cups dried figs,1
chilli garlic sauce,1
1/2 tablespoon kashmiri red chilli powder,1
big spoon oil,1
cabbage leaves,1
to 8 spinach leaves,1
white butter,1
छोटे चम्मच इलाइची,1
बड़े चम्मच खस खस,1
कप पिस्ता,1
हरी मीर्च,1
बड़ा चमच्च कद्दू के बीज,1
+ 1 प्याज,1
cut lemon,1
tawa parathas,1
indian butter fish,1
1/2 teaspoon vinegar,1
बड़ा चम्मच हरी मिर्च,1
बड़ा चम्मच नारियल का तेल,1
बड़ा चम्मच नारियल,1
soy flakes,1
red onions,1
kalpasi flower,1
health mix,1
of tur dal,1
ग्राम टमाटर,1
छोटा चमच्च हरा धनिया,1
बड़ा चमच्च काबुली चना या छोला,1
farsan,1
gulab jamun mix,1
pistachio extract,1
small spoon red chilli powder,1
-3 tablespoon milk,1
बड़ा चमच्च हल्दि,1
कप हरा मट्टर,1
हरी शिमलामिर्च,1
- 6 dry red chillies,1
ginger teriyaki sauce,1
as per taste red chili powder,1
cowpea pod,1
butter -,1
motichoor ladoos,1
छोटा चमच्च बादाम का दूध,1
of amla,1
1/2 cup carrots,1
semia,1
बड़ा चम्मच प्याज,1
बड़े चम्मच गाजर,1
बड़े चम्मच हरा बीन्स,1
बड़ा चम्मच शेजवान सॉस,1
बड़े चम्मच थाई स्वीट चिल्ली सॉस,1
big spoon black urad dal,1
-3 tablespoon all purpose flour,1
-7 button mushrooms,1
small tablespoon turmeric powder,1
nando's peri peri chicken marinade,1
kerala matta rice,1
of chickpea gram or chickpeas,1
white bacardi rum,1
veeba pasta sauce,1
-6 green beans,1
chocolate pearls,1
kebab masala,1
arbi,1
to 4 हरी मीर्च,1
black pepper powder -,1
sprig ginger teriyaki sauce -,1
-3 teaspoons jaggery,1
to 12 cloves garlic,1
to 20 prawns,1
cold water,1
sabza seeds,1
to 9 thai basil leaves,1
to 5 tablespoons vegetable stock,1
to 3 thai red chilli,1
green channa sprouts,1
-10 cloves,1
1/2 tablespoons mustard seeds,1
हरे प्याज के पत्ते,1
बड़े चम्मच तिल,1
बड़े चम्मच हरे प्याज के पत्ते,1
बड़े चमच्च गुलकंद,1
बड़े चमच्च गुलाब के पत्ते,1
curry,1
कप कंडेन्स दूध,1
pirandai,1
कप किसमिस,1
1/2 cup instant oats,1
1/4 cup dark chocolate chips,1
1/3 cups watermelon,1
poppy poppy seeds,1
chakra flowers,1
1/2 cups bean sprouts,1
packet egg noodles,1
बर्फ,1
- 3 sprig fresh thyme leaves,1
- 6 sprig fresh thyme leaves,1
छोटे चमच्च तिल का पाउडर,1
बड़ा चमच्च मूंगफली पाउडर,1
ताजे हर्ब,1
बड़ा चमच्च अनार का सिरप,1
ग्राम्स कद्दू,1
1/4 cup rolled oats,1
to 2 dry red chilli,1
panch foran masala,1
to 3 cinnamon stick,1
to 5 tablespoons curd,1
-3 tablespoons roasted peanuts,1
-3 tablespoons del monte mint mayo,1
-12 button mushrooms,1
koli masala,1
= carrot,1
पिस्ता,1
बड़ा चम्मच अरहर दाल,1
बड़े चम्मच काबुली चना या छोला,1
बड़े चम्मच राजमा,1
छोटा चम्मच्च हल्दी पाउडर,1
छोटा चम्मच्च कलोंजी के बीज,1
छोटा चम्मच्च मेथी के दाने,1
छोटा चम्मच्च धनिये के बीज,1
छोटा चम्मच्च सौंफ,1
छोटा चम्मच्च राइ,1
black soy beans,1
छोटा चमच्च मूंगफली,1
mangodi,1
छोटा चम्मच इमली,1
बड़ा चम्मच सफ़ेद उरद दाल,1
-5 tablespoons sunflower oil,1
mixed beans,1
बड़े चम्मच काली उरद दाल,1
बड़े चम्मच हरी मूंग दाल,1
to 4 cloves,1
to 3 black cardamom,1
gorgonzola cheese,1
risotto,1
half and half,1
jal jeera powder,1
aloe vera extract,1
sarsaparilla,1
लौंग -,1
कप्स डबल बीन्स,1
1/2 छोटा चम्मच धनिया पाउडर,1
कप दलिया,1
छोटा चम्मच्च लाल मिर्च पाउडर,1
bc belle bhat powder,1
