session_id,user_id,recipe_id,position,ranking_method,model_version,base_score,personalization_score,final_score,impression_timestamp,feedback_type,rating,feedback_timestamp,relevance_label
sess_2c54204672c44918,2,R00504,2,hybrid,hybrid_v1,0.6737,0.0,0.6737,2026-10-04T23:44:09.916361+05:30,IMPRESSION,,2026-10-04T23:44:10.102912+05:30,1
sess_2c54204672c44918,2,R01259,5,hybrid,hybrid_v1,0.6554,0.0,0.6554,2026-10-04T23:44:09.916361+05:30,IMPRESSION,,2026-10-04T23:44:10.102377+05:30,1
sess_2c54204672c44918,2,R06939,1,hybrid,hybrid_v1,0.7297,0.0,0.7297,2026-10-04T23:44:09.916361+05:30,IMPRESSION,,2026-10-04T23:44:10.003650+05:30,1
sess_2c54204672c44918,2,R07339,3,hybrid,hybrid_v1,0.6697,0.0,0.6697,2026-10-04T23:44:09.916361+05:30,IMPRESSION,,2026-10-04T23:44:10.100500+05:30,1
sess_2c54204672c44918,2,R10938,4,hybrid,hybrid_v1,0.6614,0.0,0.6614,2026-10-04T23:44:09.916361+05:30,IMPRESSION,,2026-10-04T23:44:10.099865+05:30,1
sess_3a689eb58c2d4b14,1,R01095,3,hybrid,hybrid_v1,0.7693,-0.01,0.7593,2026-10-04T21:45:08.189694+05:30,IMPRESSION,,,1
sess_3a689eb58c2d4b14,1,R01292,4,hybrid,hybrid_v1,0.7862,-0.03,0.7562,2026-10-04T21:45:08.189694+05:30,IMPRESSION,,,1
sess_3a689eb58c2d4b14,1,R02064,2,hybrid,hybrid_v1,0.7722,-0.01,0.7622,2026-10-04T21:45:08.189694+05:30,IMPRESSION,,,1
sess_3a689eb58c2d4b14,1,R02470,5,hybrid,hybrid_v1,0.7857,-0.03,0.7557,2026-10-04T21:45:08.189694+05:30,IMPRESSION,,,1
sess_3a689eb58c2d4b14,1,R03717,7,hybrid,hybrid_v1,0.7641,-0.01,0.7541,2026-10-04T21:45:08.189694+05:30,IMPRESSION,,,1
sess_3a689eb58c2d4b14,1,R04404,8,hybrid,hybrid_v1,0.7609,-0.01,0.7509,2026-10-04T21:45:08.189694+05:30,IMPRESSION,,,1
sess_3a689eb58c2d4b14,1,R04655,10,hybrid,hybrid_v1,0.7164,0.02,0.7364,2026-10-04T21:45:08.189694+05:30,IMPRESSION,,,1
sess_3a689eb58c2d4b14,1,R07346,6,hybrid,hybrid_v1,0.7843,-0.03,0.7543,2026-10-04T21:45:08.189694+05:30,IMPRESSION,,,1
sess_3a689eb58c2d4b14,1,R10498,1,hybrid,hybrid_v1,0.7834,-0.01,0.7734,2026-10-04T21:45:08.189694+05:30,IMPRESSION,,,1
sess_3a689eb58c2d4b14,1,R12100,9,hybrid,hybrid_v1,0.7483,-0.01,0.7383,2026-10-04T21:45:08.189694+05:30,IMPRESSION,,,1
sess_4985e60c972c42fd,1,R02202,1,hybrid,hybrid_v1,0.7631,0.02,0.7831,2026-10-04T21:19:43.985786+05:30,IMPRESSION,,,1
sess_4985e60c972c42fd,1,R03227,4,hybrid,hybrid_v1,0.6748,0.02,0.6948,2026-10-04T21:19:43.985786+05:30,IMPRESSION,,,1
sess_4985e60c972c42fd,1,R03362,3,hybrid,hybrid_v1,0.6955,0.02,0.7155,2026-10-04T21:19:43.985786+05:30,IMPRESSION,,,1
sess_4985e60c972c42fd,1,R03861,2,hybrid,hybrid_v1,0.7012,0.02,0.7212,2026-10-04T21:19:43.985786+05:30,IMPRESSION,,,1
sess_4985e60c972c42fd,1,R05615,5,hybrid,hybrid_v1,0.6748,0.02,0.6948,2026-10-04T21:19:43.985786+05:30,IMPRESSION,,,1
sess_723127ad19b34800,2,R00160,3,hybrid,hybrid_v1,0.632,0.014714,0.646714,2026-10-05T15:54:41.698462+05:30,COOKED,,2026-10-05T15:55:55.135813+05:30,3
sess_723127ad19b34800,2,R01768,5,hybrid,hybrid_v1,0.6255,0.013651,0.639151,2026-10-05T15:54:41.698462+05:30,LIKE,,2026-10-05T15:55:50.098006+05:30,2
sess_723127ad19b34800,2,R04349,1,hybrid,hybrid_v1,0.6912,0.014405,0.705605,2026-10-05T15:54:41.698462+05:30,DISLIKE,,2026-10-05T15:55:58.014033+05:30,0
sess_723127ad19b34800,2,R04657,4,hybrid,hybrid_v1,0.6304,0.013878,0.644278,2026-10-05T15:54:41.698462+05:30,SAVE,,2026-10-05T15:56:05.531293+05:30,2
sess_723127ad19b34800,2,R08984,2,hybrid,hybrid_v1,0.6772,0.013762,0.690962,2026-10-05T15:54:41.698462+05:30,SAVE,,2026-10-05T15:56:04.443583+05:30,2
sess_7839cc2b31b24929,1,R00776,9,hybrid,hybrid_v1,0.7485,0.0,0.7485,2026-10-04T21:36:47.242756+05:30,IMPRESSION,,,1
sess_7839cc2b31b24929,1,R01095,3,hybrid,hybrid_v1,0.7693,-0.01,0.7593,2026-10-04T21:36:47.242756+05:30,IMPRESSION,,,1
sess_7839cc2b31b24929,1,R01292,4,hybrid,hybrid_v1,0.7862,-0.03,0.7562,2026-10-04T21:36:47.242756+05:30,IMPRESSION,,,1
sess_7839cc2b31b24929,1,R02064,2,hybrid,hybrid_v1,0.7722,-0.01,0.7622,2026-10-04T21:36:47.242756+05:30,IMPRESSION,,,1
sess_7839cc2b31b24929,1,R02470,5,hybrid,hybrid_v1,0.7857,-0.03,0.7557,2026-10-04T21:36:47.242756+05:30,IMPRESSION,,,1
sess_7839cc2b31b24929,1,R03717,7,hybrid,hybrid_v1,0.7641,-0.01,0.7541,2026-10-04T21:36:47.242756+05:30,IMPRESSION,,,1
sess_7839cc2b31b24929,1,R04404,8,hybrid,hybrid_v1,0.7609,-0.01,0.7509,2026-10-04T21:36:47.242756+05:30,IMPRESSION,,,1
sess_7839cc2b31b24929,1,R06709,10,hybrid,hybrid_v1,0.7384,0.0,0.7384,2026-10-04T21:36:47.242756+05:30,IMPRESSION,,,1
sess_7839cc2b31b24929,1,R07346,6,hybrid,hybrid_v1,0.7843,-0.03,0.7543,2026-10-04T21:36:47.242756+05:30,IMPRESSION,,,1
sess_7839cc2b31b24929,1,R10498,1,hybrid,hybrid_v1,0.7834,-0.01,0.7734,2026-10-04T21:36:47.242756+05:30,IMPRESSION,,,1
sess_7f5a3e25ea9c4959,1,R01095,3,hybrid,hybrid_v1,0.7693,0.02,0.7893,2026-10-04T21:15:48.502990+05:30,IMPRESSION,,,1
sess_7f5a3e25ea9c4959,1,R01292,4,hybrid,hybrid_v1,0.7862,0.0,0.7862,2026-10-04T21:15:48.502990+05:30,IMPRESSION,,,1
sess_7f5a3e25ea9c4959,1,R02064,2,hybrid,hybrid_v1,0.7722,0.02,0.7922,2026-10-04T21:15:48.502990+05:30,IMPRESSION,,,1
sess_7f5a3e25ea9c4959,1,R02470,5,hybrid,hybrid_v1,0.7857,0.0,0.7857,2026-10-04T21:15:48.502990+05:30,IMPRESSION,,,1
sess_7f5a3e25ea9c4959,1,R10498,1,hybrid,hybrid_v1,0.7834,0.02,0.8034,2026-10-04T21:15:48.502990+05:30,IMPRESSION,,,1
sess_c3d63cd50a5e41dc,2,R02249,4,hybrid,hybrid_v1,0.6553,0.016813,0.672113,2026-10-05T15:05:33.807211+05:30,IMPRESSION,,2026-10-05T15:05:33.955233+05:30,1
sess_c3d63cd50a5e41dc,2,R06475,1,hybrid,hybrid_v1,0.6735,0.015757,0.689257,2026-10-05T15:05:33.807211+05:30,IMPRESSION,,2026-10-05T15:05:33.891762+05:30,1
sess_c3d63cd50a5e41dc,2,R09809,3,hybrid,hybrid_v1,0.6597,0.016143,0.675843,2026-10-05T15:05:33.807211+05:30,IMPRESSION,,2026-10-05T15:05:33.892843+05:30,1
sess_c3d63cd50a5e41dc,2,R10266,5,hybrid,hybrid_v1,0.6304,0.019417,0.649817,2026-10-05T15:05:33.807211+05:30,IMPRESSION,,2026-10-05T15:05:33.964577+05:30,1
sess_c3d63cd50a5e41dc,2,R12650,2,hybrid,hybrid_v1,0.6639,0.01525,0.67915,2026-10-05T15:05:33.807211+05:30,IMPRESSION,,2026-10-05T15:05:33.884731+05:30,1
sess_d28e91670521453a,1,R01095,7,hybrid,hybrid_v1,0.7693,-0.01,0.7593,2026-10-04T21:20:21.234414+05:30,IMPRESSION,,,1
sess_d28e91670521453a,1,R01292,8,hybrid,hybrid_v1,0.7862,-0.03,0.7562,2026-10-04T21:20:21.234414+05:30,IMPRESSION,,,1
sess_d28e91670521453a,1,R02064,6,hybrid,hybrid_v1,0.7722,-0.01,0.7622,2026-10-04T21:20:21.234414+05:30,IMPRESSION,,,1
sess_d28e91670521453a,1,R02470,9,hybrid,hybrid_v1,0.7857,-0.03,0.7557,2026-10-04T21:20:21.234414+05:30,IMPRESSION,,,1
sess_d28e91670521453a,1,R03717,2,hybrid,hybrid_v1,0.7641,0.02,0.7841,2026-10-04T21:20:21.234414+05:30,IMPRESSION,,,1
sess_d28e91670521453a,1,R04404,3,hybrid,hybrid_v1,0.7609,0.02,0.7809,2026-10-04T21:20:21.234414+05:30,IMPRESSION,,,1
sess_d28e91670521453a,1,R05405,10,hybrid,hybrid_v1,0.7523,0.0,0.7523,2026-10-04T21:20:21.234414+05:30,IMPRESSION,,,1
sess_d28e91670521453a,1,R07346,1,hybrid,hybrid_v1,0.7843,0.0,0.7843,2026-10-04T21:20:21.234414+05:30,IMPRESSION,,,1
sess_d28e91670521453a,1,R10498,4,hybrid,hybrid_v1,0.7834,-0.01,0.7734,2026-10-04T21:20:21.234414+05:30,IMPRESSION,,,1
sess_d28e91670521453a,1,R12100,5,hybrid,hybrid_v1,0.7483,0.02,0.7683,2026-10-04T21:20:21.234414+05:30,IMPRESSION,,,1
sess_ffeaa29e9dbe4742,2,R00160,4,hybrid,hybrid_v1,0.632,0.024714,0.656714,2026-10-05T16:47:58.409536+05:30,COOKED,,2026-10-05T15:55:55.135813+05:30,3
sess_ffeaa29e9dbe4742,2,R00517,5,hybrid,hybrid_v1,0.6256,0.012922,0.638522,2026-10-05T16:47:58.409536+05:30,IMPRESSION,,2026-10-05T16:47:58.544172+05:30,1
sess_ffeaa29e9dbe4742,2,R01768,2,hybrid,hybrid_v1,0.6255,0.043651,0.669151,2026-10-05T16:47:58.409536+05:30,LIKE,,2026-10-05T15:55:50.098006+05:30,2
sess_ffeaa29e9dbe4742,2,R04657,3,hybrid,hybrid_v1,0.6304,0.033878,0.664278,2026-10-05T16:47:58.409536+05:30,SAVE,,2026-10-05T15:56:05.531293+05:30,2
sess_ffeaa29e9dbe4742,2,R08984,1,hybrid,hybrid_v1,0.6772,0.033762,0.710962,2026-10-05T16:47:58.409536+05:30,SAVE,,2026-10-05T15:56:04.443583+05:30,2
